region_key,tier,note
北京,8.5,首都；中央部委集中
上海市,9,计划单列待遇；含浦东/黄浦等区
上海,9,直辖市
天津,7.5,直辖市
重庆市,7,直辖市
重庆,7,直辖市
广东深圳,9,计划单列市
广东广州,8.5,省会
广东珠海,8.5,经济特区
广东东莞,8.5,
广东佛山,8.5,
广东中山,8.5,
广东惠州,8,
广东江门,7.5,
广东,7.5,珠三角外粤东西北下调
江苏苏州,9,计划单列待遇
江苏南京,8.5,省会
江苏无锡,8.5,
江苏常州,8.5,
江苏南通,8,
江苏,8,
浙江杭州,8.5,省会
浙江宁波,9,计划单列市
浙江,8,
福建厦门,9,计划单列市
福建福州,7.5,省会
福建,7,
山东青岛,8.5,计划单列市
山东济南,7.5,省会
山东,7,
辽宁大连,8,计划单列市
辽宁沈阳,7,省会
辽宁,6,
海南三亚,7.5,
海南海口,7,
海南,6.5,
河北,6,
河北雄安,7.5,
山西,6,
内蒙古,6.5,
吉林,6,长春7
黑龙江,6,哈尔滨6.5
安徽合肥,7,省会
安徽,6.5,
江西南昌,6.5,省会
江西,6,
河南郑州,6.5,省会
河南,6,
湖北武汉,7.5,省会
湖北,6.5,
湖南长沙,7,省会
湖南,6,
广西南宁,6.5,省会
广西,6,
四川成都,7,省会
四川,6.5,
贵州贵阳,6.5,省会
贵州,6,
云南昆明,7,省会
云南,6.5,
西藏,8,高原津贴 + 艰苦边远一类
陕西西安,7,省会
陕西,6.5,
甘肃兰州,6.5,省会
甘肃,6.5,艰苦边远津贴
青海,7.5,艰苦边远津贴
宁夏,7,艰苦边远津贴
新疆,7.5,南疆艰苦边远津贴高
新疆兵团,7.5,
