code,name,level,parent_code,parent_name,gate_code,gate_name,code_base
专业代码,专业名称,class,,,,,专业代码
01,哲学,gate,,,01,哲学,01
0101,哲学类,class,01,哲学,01,哲学,0101
010101,哲学,major,0101,哲学类,01,哲学,010101
010102,逻辑学,major,0101,哲学类,01,哲学,010102
010103K,宗教学,major,0101,哲学类,01,哲学,010103
010104T,伦理学,major,0101,哲学类,01,哲学,010104
0201,经济学类,class,01,哲学,01,哲学,0201
020101,经济学,major,0201,经济学类,01,哲学,020101
020102,经济统计学,major,0201,经济学类,01,哲学,020102
020103T,国民经济管理,major,0201,经济学类,01,哲学,020103
020104T,资源与环境经济学,major,0201,经济学类,01,哲学,020104
020105T,商务经济学,major,0201,经济学类,01,哲学,020105
020106T,能源经济,major,0201,经济学类,01,哲学,020106
020107T,劳动经济学,major,0201,经济学类,01,哲学,020107
020108T,经济工程,major,0201,经济学类,01,哲学,020108
020109T,数字经济,major,0201,经济学类,01,哲学,020109
0202,财政学类,class,01,哲学,01,哲学,0202
020201K,财政学,major,0202,财政学类,01,哲学,020201
020202,税收学,major,0202,财政学类,01,哲学,020202
020203TK,国际税收,major,0202,财政学类,01,哲学,020203
0203,金融学类,class,01,哲学,01,哲学,0203
020301K,金融学,major,0203,金融学类,01,哲学,020301
020302,金融工程,major,0203,金融学类,01,哲学,020302
020303,保险学,major,0203,金融学类,01,哲学,020303
020304,投资学,major,0203,金融学类,01,哲学,020304
020305T,金融数学,major,0203,金融学类,01,哲学,020305
020306T,信用管理,major,0203,金融学类,01,哲学,020306
020307T,经济与金融,major,0203,金融学类,01,哲学,020307
020308T,精算学,major,0203,金融学类,01,哲学,020308
020309T,互联网金融,major,0203,金融学类,01,哲学,020309
020310T,金融科技,major,0203,金融学类,01,哲学,020310
020311TK,金融审计,major,0203,金融学类,01,哲学,020311
0204,经济与贸易类,class,01,哲学,01,哲学,0204
020401,国际经济与贸易,major,0204,经济与贸易类,01,哲学,020401
020402,贸易经济,major,0204,经济与贸易类,01,哲学,020402
020403T,国际经济发展合作,major,0204,经济与贸易类,01,哲学,020403
0301,法学类,class,01,哲学,01,哲学,0301
030101K,法学,major,0301,法学类,01,哲学,030101
030102T,知识产权,major,0301,法学类,01,哲学,030102
030103T,监狱学,major,0301,法学类,01,哲学,030103
030104T,信用风险管理与法律防控,major,0301,法学类,01,哲学,030104
030105T,国际经贸规则,major,0301,法学类,01,哲学,030105
030106TK,司法警察学,major,0301,法学类,01,哲学,030106
030107TK,社区矫正,major,0301,法学类,01,哲学,030107
030108TK,纪检监察,major,0301,法学类,01,哲学,030108
030109TK,国际法,major,0301,法学类,01,哲学,030109
030110TK,司法鉴定学,major,0301,法学类,01,哲学,030110
030111TK,国家安全学,major,0301,法学类,01,哲学,030111
030112TK,海外利益安全,major,0301,法学类,01,哲学,030112
0302,政治学类,class,01,哲学,01,哲学,0302
030201,政治学与行政学,major,0302,政治学类,01,哲学,030201
030202,国际政治,major,0302,政治学类,01,哲学,030202
030203,外交学,major,0302,政治学类,01,哲学,030203
030204T,国际事务与国际关系,major,0302,政治学类,01,哲学,030204
030205T,政治学、经济学与哲学,major,0302,政治学类,01,哲学,030205
030206TK,国际组织与全球治理,major,0302,政治学类,01,哲学,030206
0303,社会学类,class,01,哲学,01,哲学,0303
030301,社会学,major,0303,社会学类,01,哲学,030301
030302,社会工作,major,0303,社会学类,01,哲学,030302
030303T,人类学,major,0303,社会学类,01,哲学,030303
030304T,女性学,major,0303,社会学类,01,哲学,030304
030305T,家政学,major,0303,社会学类,01,哲学,030305
030306T,老年学,major,0303,社会学类,01,哲学,030306
030307T,社会政策,major,0303,社会学类,01,哲学,030307
0304,民族学类,class,01,哲学,01,哲学,0304
030401,民族学,major,0304,民族学类,01,哲学,030401
0305,马克思主义理论类,class,01,哲学,01,哲学,0305
030501,科学社会主义,major,0305,马克思主义理论类,01,哲学,030501
030502,中国共产党历史,major,0305,马克思主义理论类,01,哲学,030502
030503,思想政治教育,major,0305,马克思主义理论类,01,哲学,030503
030504T,马克思主义理论,major,0305,马克思主义理论类,01,哲学,030504
030505TK,工会学,major,0305,马克思主义理论类,01,哲学,030505
0306,公安学类,class,01,哲学,01,哲学,0306
030601K,治安学,major,0306,公安学类,01,哲学,030601
030602K,侦查学,major,0306,公安学类,01,哲学,030602
030603K,边防管理,major,0306,公安学类,01,哲学,030603
030604TK,禁毒学,major,0306,公安学类,01,哲学,030604
030605TK,警犬技术,major,0306,公安学类,01,哲学,030605
030606TK,经济犯罪侦查,major,0306,公安学类,01,哲学,030606
030607TK,边防指挥,major,0306,公安学类,01,哲学,030607
030608TK,消防指挥,major,0306,公安学类,01,哲学,030608
030609TK,警卫学,major,0306,公安学类,01,哲学,030609
030610TK,公安情报学,major,0306,公安学类,01,哲学,030610
030611TK,犯罪学,major,0306,公安学类,01,哲学,030611
030612TK,公安管理学,major,0306,公安学类,01,哲学,030612
030613TK,涉外警务,major,0306,公安学类,01,哲学,030613
030614TK,国内安全保卫,major,0306,公安学类,01,哲学,030614
030615TK,警务指挥与战术,major,0306,公安学类,01,哲学,030615
030616TK,技术侦查学,major,0306,公安学类,01,哲学,030616
030617TK,海警执法,major,0306,公安学类,01,哲学,030617
030618TK,公安政治工作,major,0306,公安学类,01,哲学,030618
030619TK,移民管理,major,0306,公安学类,01,哲学,030619
030620TK,出入境管理,major,0306,公安学类,01,哲学,030620
030621TK,反恐警务,major,0306,公安学类,01,哲学,030621
030622TK,消防政治工作,major,0306,公安学类,01,哲学,030622
030623TK,铁路警务,major,0306,公安学类,01,哲学,030623
0401,教育学类,class,01,哲学,01,哲学,0401
040101,教育学,major,0401,教育学类,01,哲学,040101
040102,科学教育,major,0401,教育学类,01,哲学,040102
040103,人文教育,major,0401,教育学类,01,哲学,040103
040104,教育技术学,major,0401,教育学类,01,哲学,040104
040105,艺术教育,major,0401,教育学类,01,哲学,040105
040106,学前教育,major,0401,教育学类,01,哲学,040106
040107,小学教育,major,0401,教育学类,01,哲学,040107
040108,特殊教育,major,0401,教育学类,01,哲学,040108
040109T,华文教育,major,0401,教育学类,01,哲学,040109
040110TK,教育康复学,major,0401,教育学类,01,哲学,040110
040111T,卫生教育,major,0401,教育学类,01,哲学,040111
040112T,认知科学与技术,major,0401,教育学类,01,哲学,040112
040113T,融合教育,major,0401,教育学类,01,哲学,040113
040114TK,劳动教育,major,0401,教育学类,01,哲学,040114
040115T,家庭教育,major,0401,教育学类,01,哲学,040115
040116TK,孤独症儿童教育,major,0401,教育学类,01,哲学,040116
040117TK,人工智能教育,major,0401,教育学类,01,哲学,040117
040118T,婴幼儿发展与健康管理,major,0401,教育学类,01,哲学,040118
0402,体育学类,class,01,哲学,01,哲学,0402
040201,体育教育,major,0402,体育学类,01,哲学,040201
040202K,运动训练,major,0402,体育学类,01,哲学,040202
040203,社会体育指导与管理,major,0402,体育学类,01,哲学,040203
040204K,武术与民族传统体育,major,0402,体育学类,01,哲学,040204
040205,运动人体科学,major,0402,体育学类,01,哲学,040205
040206T,运动康复,major,0402,体育学类,01,哲学,040206
040207T,休闲体育,major,0402,体育学类,01,哲学,040207
040208T,体能训练,major,0402,体育学类,01,哲学,040208
040209T,冰雪运动,major,0402,体育学类,01,哲学,040209
040210TK,电子竞技运动与管理,major,0402,体育学类,01,哲学,040210
040211TK,智能体育工程,major,0402,体育学类,01,哲学,040211
040212TK,体育旅游,major,0402,体育学类,01,哲学,040212
040213T,运动能力开发,major,0402,体育学类,01,哲学,040213
040214TK,足球运动,major,0402,体育学类,01,哲学,040214
040215TK,马术运动与管理,major,0402,体育学类,01,哲学,040215
040216T,体育康养,major,0402,体育学类,01,哲学,040216
040217TK,航空运动,major,0402,体育学类,01,哲学,040217
0501,中国语言文学类,class,01,哲学,01,哲学,0501
050101,汉语言文学,major,0501,中国语言文学类,01,哲学,050101
050102,汉语言,major,0501,中国语言文学类,01,哲学,050102
050103,汉语国际教育,major,0501,中国语言文学类,01,哲学,050103
050104,中国少数民族语言文学,major,0501,中国语言文学类,01,哲学,050104
050105,古典文献学,major,0501,中国语言文学类,01,哲学,050105
050106T,应用语言学,major,0501,中国语言文学类,01,哲学,050106
050107T,秘书学,major,0501,中国语言文学类,01,哲学,050107
050108T,中国语言与文化,major,0501,中国语言文学类,01,哲学,050108
050109T,手语翻译,major,0501,中国语言文学类,01,哲学,050109
050110T,数字人文,major,0501,中国语言文学类,01,哲学,050110
050111T,中国古典学,major,0501,中国语言文学类,01,哲学,050111
050112T,汉学与中国学,major,0501,中国语言文学类,01,哲学,050112
050113T,应用中文,major,0501,中国语言文学类,01,哲学,050113
0502,外国语言文学类,class,01,哲学,01,哲学,0502
050201,英语,major,0502,外国语言文学类,01,哲学,050201
050202,俄语,major,0502,外国语言文学类,01,哲学,050202
050203,德语,major,0502,外国语言文学类,01,哲学,050203
050204,法语,major,0502,外国语言文学类,01,哲学,050204
050205,西班牙语,major,0502,外国语言文学类,01,哲学,050205
050206,阿拉伯语,major,0502,外国语言文学类,01,哲学,050206
050207,日语,major,0502,外国语言文学类,01,哲学,050207
050208,波斯语,major,0502,外国语言文学类,01,哲学,050208
050209,朝鲜语,major,0502,外国语言文学类,01,哲学,050209
050210,菲律宾语,major,0502,外国语言文学类,01,哲学,050210
050211,梵语巴利语,major,0502,外国语言文学类,01,哲学,050211
050212,印度尼西亚语,major,0502,外国语言文学类,01,哲学,050212
050213,印地语,major,0502,外国语言文学类,01,哲学,050213
050214,柬埔寨语,major,0502,外国语言文学类,01,哲学,050214
050215,老挝语,major,0502,外国语言文学类,01,哲学,050215
050216,缅甸语,major,0502,外国语言文学类,01,哲学,050216
050217,马来语,major,0502,外国语言文学类,01,哲学,050217
050218,蒙古语,major,0502,外国语言文学类,01,哲学,050218
050219,僧伽罗语,major,0502,外国语言文学类,01,哲学,050219
050220,泰语,major,0502,外国语言文学类,01,哲学,050220
050221,乌尔都语,major,0502,外国语言文学类,01,哲学,050221
050222,希伯来语,major,0502,外国语言文学类,01,哲学,050222
050223,越南语,major,0502,外国语言文学类,01,哲学,050223
050224,豪萨语,major,0502,外国语言文学类,01,哲学,050224
050225,斯瓦希里语,major,0502,外国语言文学类,01,哲学,050225
050226,阿尔巴尼亚语,major,0502,外国语言文学类,01,哲学,050226
050227,保加利亚语,major,0502,外国语言文学类,01,哲学,050227
050228,波兰语,major,0502,外国语言文学类,01,哲学,050228
050229,捷克语,major,0502,外国语言文学类,01,哲学,050229
050230,斯洛伐克语,major,0502,外国语言文学类,01,哲学,050230
050231,罗马尼亚语,major,0502,外国语言文学类,01,哲学,050231
050232,葡萄牙语,major,0502,外国语言文学类,01,哲学,050232
050233,瑞典语,major,0502,外国语言文学类,01,哲学,050233
050234,塞尔维亚语,major,0502,外国语言文学类,01,哲学,050234
050235,土耳其语,major,0502,外国语言文学类,01,哲学,050235
050236,希腊语,major,0502,外国语言文学类,01,哲学,050236
050237,匈牙利语,major,0502,外国语言文学类,01,哲学,050237
050238,意大利语,major,0502,外国语言文学类,01,哲学,050238
050239,泰米尔语,major,0502,外国语言文学类,01,哲学,050239
050240,普什图语,major,0502,外国语言文学类,01,哲学,050240
050241,世界语,major,0502,外国语言文学类,01,哲学,050241
050242,孟加拉语,major,0502,外国语言文学类,01,哲学,050242
050243,尼泊尔语,major,0502,外国语言文学类,01,哲学,050243
050244,克罗地亚语,major,0502,外国语言文学类,01,哲学,050244
050245,荷兰语,major,0502,外国语言文学类,01,哲学,050245
050246,芬兰语,major,0502,外国语言文学类,01,哲学,050246
050247,乌克兰语,major,0502,外国语言文学类,01,哲学,050247
050248,挪威语,major,0502,外国语言文学类,01,哲学,050248
050249,丹麦语,major,0502,外国语言文学类,01,哲学,050249
050250,冰岛语,major,0502,外国语言文学类,01,哲学,050250
050251,爱尔兰语,major,0502,外国语言文学类,01,哲学,050251
050252,拉脱维亚语,major,0502,外国语言文学类,01,哲学,050252
050253,立陶宛语,major,0502,外国语言文学类,01,哲学,050253
050254,斯洛文尼亚语,major,0502,外国语言文学类,01,哲学,050254
050255,爱沙尼亚语,major,0502,外国语言文学类,01,哲学,050255
050256,马耳他语,major,0502,外国语言文学类,01,哲学,050256
050257,哈萨克语,major,0502,外国语言文学类,01,哲学,050257
050258,乌兹别克语,major,0502,外国语言文学类,01,哲学,050258
050259,祖鲁语,major,0502,外国语言文学类,01,哲学,050259
050260,拉丁语,major,0502,外国语言文学类,01,哲学,050260
050261,翻译,major,0502,外国语言文学类,01,哲学,050261
050262,商务英语,major,0502,外国语言文学类,01,哲学,050262
050263T,阿姆哈拉语,major,0502,外国语言文学类,01,哲学,050263
050264T,吉尔吉斯语,major,0502,外国语言文学类,01,哲学,050264
050265T,索马里语,major,0502,外国语言文学类,01,哲学,050265
050266T,土库曼语,major,0502,外国语言文学类,01,哲学,050266
050267T,加泰罗尼亚语,major,0502,外国语言文学类,01,哲学,050267
050268T,约鲁巴语,major,0502,外国语言文学类,01,哲学,050268
050269T,亚美尼亚语,major,0502,外国语言文学类,01,哲学,050269
050270T,马达加斯加语,major,0502,外国语言文学类,01,哲学,050270
050271T,格鲁吉亚语,major,0502,外国语言文学类,01,哲学,050271
050272T,阿塞拜疆语,major,0502,外国语言文学类,01,哲学,050272
050273T,阿非利卡语,major,0502,外国语言文学类,01,哲学,050273
050274T,马其顿语,major,0502,外国语言文学类,01,哲学,050274
050275T,塔吉克语,major,0502,外国语言文学类,01,哲学,050275
050276T,茨瓦纳语,major,0502,外国语言文学类,01,哲学,050276
050277T,恩德贝莱语,major,0502,外国语言文学类,01,哲学,050277
050278T,科摩罗语,major,0502,外国语言文学类,01,哲学,050278
050279T,克里奥尔语,major,0502,外国语言文学类,01,哲学,050279
050280T,绍纳语,major,0502,外国语言文学类,01,哲学,050280
050281T,提格雷尼亚语,major,0502,外国语言文学类,01,哲学,050281
050282T,白俄罗斯语,major,0502,外国语言文学类,01,哲学,050282
050283T,毛利语,major,0502,外国语言文学类,01,哲学,050283
050284T,汤加语,major,0502,外国语言文学类,01,哲学,050284
050285T,萨摩亚语,major,0502,外国语言文学类,01,哲学,050285
050286T,库尔德语,major,0502,外国语言文学类,01,哲学,050286
050287T,比斯拉马语,major,0502,外国语言文学类,01,哲学,050287
050288T,达里语,major,0502,外国语言文学类,01,哲学,050288
050289T,德顿语,major,0502,外国语言文学类,01,哲学,050289
050290T,迪维希语,major,0502,外国语言文学类,01,哲学,050290
050291T,斐济语,major,0502,外国语言文学类,01,哲学,050291
050292T,库克群岛毛利语,major,0502,外国语言文学类,01,哲学,050292
050293T,隆迪语,major,0502,外国语言文学类,01,哲学,050293
050294T,卢森堡语,major,0502,外国语言文学类,01,哲学,050294
050295T,卢旺达语,major,0502,外国语言文学类,01,哲学,050295
050296T,纽埃语,major,0502,外国语言文学类,01,哲学,050296
050297T,皮金语,major,0502,外国语言文学类,01,哲学,050297
050298T,切瓦语,major,0502,外国语言文学类,01,哲学,050298
050299T,塞苏陀语,major,0502,外国语言文学类,01,哲学,050299
050200T,桑戈语,major,0502,外国语言文学类,01,哲学,050200
0502100T,语言学,major,0502,外国语言文学类,01,哲学,0502100
0502101T,塔玛齐格特语,major,0502,外国语言文学类,01,哲学,0502101
0502102T,爪哇语,major,0502,外国语言文学类,01,哲学,0502102
0502103T,旁遮普语,major,0502,外国语言文学类,01,哲学,0502103
0502104TK,区域国别学,major,0502,外国语言文学类,01,哲学,0502104
0503,新闻传播学类,class,01,哲学,01,哲学,0503
050301,新闻学,major,0503,新闻传播学类,01,哲学,050301
050302,广播电视学,major,0503,新闻传播学类,01,哲学,050302
050303,广告学,major,0503,新闻传播学类,01,哲学,050303
050304,传播学,major,0503,新闻传播学类,01,哲学,050304
050305,编辑出版学,major,0503,新闻传播学类,01,哲学,050305
050306T,网络与新媒体,major,0503,新闻传播学类,01,哲学,050306
050307T,数字出版,major,0503,新闻传播学类,01,哲学,050307
050308T,时尚传播,major,0503,新闻传播学类,01,哲学,050308
050309T,国际新闻与传播,major,0503,新闻传播学类,01,哲学,050309
050310T,会展,major,0503,新闻传播学类,01,哲学,050310
0601,历史学类,class,01,哲学,01,哲学,0601
060101,历史学,major,0601,历史学类,01,哲学,060101
060102,世界史,major,0601,历史学类,01,哲学,060102
060103,考古学,major,0601,历史学类,01,哲学,060103
060104,文物与博物馆学,major,0601,历史学类,01,哲学,060104
060105T,文物保护技术,major,0601,历史学类,01,哲学,060105
060106T,外国语言与外国历史,major,0601,历史学类,01,哲学,060106
060107T,文化遗产,major,0601,历史学类,01,哲学,060107
060108T,古文字学,major,0601,历史学类,01,哲学,060108
060109T,科学史,major,0601,历史学类,01,哲学,060109
0701,数学类,class,01,哲学,01,哲学,0701
070101,数学与应用数学,major,0701,数学类,01,哲学,070101
070102,信息与计算科学,major,0701,数学类,01,哲学,070102
070103T,数理基础科学,major,0701,数学类,01,哲学,070103
070104T,数据计算及应用,major,0701,数学类,01,哲学,070104
0702,物理学类,class,01,哲学,01,哲学,0702
070201,物理学,major,0702,物理学类,01,哲学,070201
070202,应用物理学,major,0702,物理学类,01,哲学,070202
070203,核物理,major,0702,物理学类,01,哲学,070203
070204T,声学,major,0702,物理学类,01,哲学,070204
070205T,系统科学与工程,major,0702,物理学类,01,哲学,070205
070206T,量子信息科学,major,0702,物理学类,01,哲学,070206
0703,化学类,class,01,哲学,01,哲学,0703
070301,化学,major,0703,化学类,01,哲学,070301
070302,应用化学,major,0703,化学类,01,哲学,070302
070303T,化学生物学,major,0703,化学类,01,哲学,070303
070304T,分子科学与工程,major,0703,化学类,01,哲学,070304
070305T,能源化学,major,0703,化学类,01,哲学,070305
070306T,化学测量学与技术,major,0703,化学类,01,哲学,070306
070307T,资源化学,major,0703,化学类,01,哲学,070307
0704,天文学类,class,01,哲学,01,哲学,0704
070401,天文学,major,0704,天文学类,01,哲学,070401
0705,地理科学类,class,01,哲学,01,哲学,0705
070501,地理科学,major,0705,地理科学类,01,哲学,070501
070502,自然地理与资源环境,major,0705,地理科学类,01,哲学,070502
070503,人文地理与城乡规划,major,0705,地理科学类,01,哲学,070503
070504,地理信息科学,major,0705,地理科学类,01,哲学,070504
0706,大气科学类,class,01,哲学,01,哲学,0706
070601,大气科学,major,0706,大气科学类,01,哲学,070601
070602,应用气象学,major,0706,大气科学类,01,哲学,070602
070603T,气象技术与工程,major,0706,大气科学类,01,哲学,070603
070604T,地球系统科学,major,0706,大气科学类,01,哲学,070604
0707,海洋科学类,class,01,哲学,01,哲学,0707
070701,海洋科学,major,0707,海洋科学类,01,哲学,070701
070702,海洋技术,major,0707,海洋科学类,01,哲学,070702
070703T,海洋资源与环境,major,0707,海洋科学类,01,哲学,070703
070704T,军事海洋学,major,0707,海洋科学类,01,哲学,070704
070705T,海洋科学与技术,major,0707,海洋科学类,01,哲学,070705
0708,地球物理学类,class,01,哲学,01,哲学,0708
070801,地球物理学,major,0708,地球物理学类,01,哲学,070801
070802,空间科学与技术,major,0708,地球物理学类,01,哲学,070802
070803T,防灾减灾科学与工程,major,0708,地球物理学类,01,哲学,070803
070804TK,行星科学,major,0708,地球物理学类,01,哲学,070804
0709,地质学类,class,01,哲学,01,哲学,0709
070901,地质学,major,0709,地质学类,01,哲学,070901
070902,地球化学,major,0709,地质学类,01,哲学,070902
070903T,地球信息科学与技术,major,0709,地质学类,01,哲学,070903
070904T,古生物学,major,0709,地质学类,01,哲学,070904
0710,生物科学类,class,01,哲学,01,哲学,0710
071001,生物科学,major,0710,生物科学类,01,哲学,071001
071002,生物技术,major,0710,生物科学类,01,哲学,071002
071003,生物信息学,major,0710,生物科学类,01,哲学,071003
071004,生态学,major,0710,生物科学类,01,哲学,071004
071005T,整合科学,major,0710,生物科学类,01,哲学,071005
071006T,神经科学,major,0710,生物科学类,01,哲学,071006
0711,心理学类,class,01,哲学,01,哲学,0711
071101,心理学,major,0711,心理学类,01,哲学,071101
071102,应用心理学,major,0711,心理学类,01,哲学,071102
0712,统计学类,class,01,哲学,01,哲学,0712
071201,统计学,major,0712,统计学类,01,哲学,071201
071202,应用统计学,major,0712,统计学类,01,哲学,071202
071203T,数据科学,major,0712,统计学类,01,哲学,071203
071204T,生物统计学,major,0712,统计学类,01,哲学,071204
0801,力学类,class,01,哲学,01,哲学,0801
080101,理论与应用力学,major,0801,力学类,01,哲学,080101
080102,工程力学,major,0801,力学类,01,哲学,080102
0802,机械类,class,01,哲学,01,哲学,0802
080201,机械工程,major,0802,机械类,01,哲学,080201
080202,机械设计制造及其自动化,major,0802,机械类,01,哲学,080202
080203,材料成型及控制工程,major,0802,机械类,01,哲学,080203
080204,机械电子工程,major,0802,机械类,01,哲学,080204
080205,工业设计,major,0802,机械类,01,哲学,080205
080206,过程装备与控制工程,major,0802,机械类,01,哲学,080206
080207,车辆工程,major,0802,机械类,01,哲学,080207
080208,汽车服务工程,major,0802,机械类,01,哲学,080208
080209T,机械工艺技术,major,0802,机械类,01,哲学,080209
080210T,微机电系统工程,major,0802,机械类,01,哲学,080210
080211T,机电技术教育,major,0802,机械类,01,哲学,080211
080212T,汽车维修工程教育,major,0802,机械类,01,哲学,080212
080213T,智能制造工程,major,0802,机械类,01,哲学,080213
080214T,智能车辆工程,major,0802,机械类,01,哲学,080214
080215T,仿生科学与工程,major,0802,机械类,01,哲学,080215
080216T,新能源汽车工程,major,0802,机械类,01,哲学,080216
080217T,增材制造工程,major,0802,机械类,01,哲学,080217
080218T,智能交互设计,major,0802,机械类,01,哲学,080218
080219T,应急装备技术与工程,major,0802,机械类,01,哲学,080219
080220T,农林智能装备工程,major,0802,机械类,01,哲学,080220
0803,仪器类,class,01,哲学,01,哲学,0803
080301,测控技术与仪器,major,0803,仪器类,01,哲学,080301
080302T,精密仪器,major,0803,仪器类,01,哲学,080302
080303T,智能感知工程,major,0803,仪器类,01,哲学,080303
0804,材料类,class,01,哲学,01,哲学,0804
080401,材料科学与工程,major,0804,材料类,01,哲学,080401
080402,材料物理,major,0804,材料类,01,哲学,080402
080403,材料化学,major,0804,材料类,01,哲学,080403
080404,冶金工程,major,0804,材料类,01,哲学,080404
080405,金属材料工程,major,0804,材料类,01,哲学,080405
080406,无机非金属材料工程,major,0804,材料类,01,哲学,080406
080407,高分子材料与工程,major,0804,材料类,01,哲学,080407
080408,复合材料与工程,major,0804,材料类,01,哲学,080408
080409T,粉体材料科学与工程,major,0804,材料类,01,哲学,080409
080410T,宝石及材料工艺学,major,0804,材料类,01,哲学,080410
080411T,焊接技术与工程,major,0804,材料类,01,哲学,080411
080412T,功能材料,major,0804,材料类,01,哲学,080412
080413T,纳米材料与技术,major,0804,材料类,01,哲学,080413
080414T,新能源材料与器件,major,0804,材料类,01,哲学,080414
080415T,材料设计科学与工程,major,0804,材料类,01,哲学,080415
080416T,复合材料成型工程,major,0804,材料类,01,哲学,080416
080417T,智能材料与结构,major,0804,材料类,01,哲学,080417
080418T,光电信息材料与器件,major,0804,材料类,01,哲学,080418
080419T,生物材料,major,0804,材料类,01,哲学,080419
080420T,材料智能技术,major,0804,材料类,01,哲学,080420
080421T,电子信息材料,major,0804,材料类,01,哲学,080421
080422T,软物质科学与工程,major,0804,材料类,01,哲学,080422
080423T,稀土材料科学与工程,major,0804,材料类,01,哲学,080423
0805,能源动力类,class,01,哲学,01,哲学,0805
080501,能源与动力工程,major,0805,能源动力类,01,哲学,080501
080502T,能源与环境系统工程,major,0805,能源动力类,01,哲学,080502
080503T,新能源科学与工程,major,0805,能源动力类,01,哲学,080503
080504T,储能科学与工程,major,0805,能源动力类,01,哲学,080504
080505T,能源服务工程,major,0805,能源动力类,01,哲学,080505
080506TK,氢能科学与工程,major,0805,能源动力类,01,哲学,080506
080507TK,可持续能源,major,0805,能源动力类,01,哲学,080507
0806,电气类,class,01,哲学,01,哲学,0806
080601,电气工程及其自动化,major,0806,电气类,01,哲学,080601
080602T,智能电网信息工程,major,0806,电气类,01,哲学,080602
080603T,光源与照明,major,0806,电气类,01,哲学,080603
080604T,电气工程与智能控制,major,0806,电气类,01,哲学,080604
080605T,电机电器智能化,major,0806,电气类,01,哲学,080605
080606T,电缆工程,major,0806,电气类,01,哲学,080606
080607T,能源互联网工程,major,0806,电气类,01,哲学,080607
080608TK,智慧能源工程,major,0806,电气类,01,哲学,080608
080609T,电动载运工程,major,0806,电气类,01,哲学,080609
080610TK,大功率半导体科学与工程,major,0806,电气类,01,哲学,080610
0807,电子信息类,class,01,哲学,01,哲学,0807
080701,电子信息工程,major,0807,电子信息类,01,哲学,080701
080702,电子科学与技术,major,0807,电子信息类,01,哲学,080702
080703,通信工程,major,0807,电子信息类,01,哲学,080703
080704,微电子科学与工程,major,0807,电子信息类,01,哲学,080704
080705,光电信息科学与工程,major,0807,电子信息类,01,哲学,080705
080706,信息工程,major,0807,电子信息类,01,哲学,080706
080707T,广播电视工程,major,0807,电子信息类,01,哲学,080707
080708T,水声工程,major,0807,电子信息类,01,哲学,080708
080709T,电子封装技术,major,0807,电子信息类,01,哲学,080709
080710T,集成电路设计与集成系统,major,0807,电子信息类,01,哲学,080710
080711T,医学信息工程,major,0807,电子信息类,01,哲学,080711
080712T,电磁场与无线技术,major,0807,电子信息类,01,哲学,080712
080713T,电波传播与天线,major,0807,电子信息类,01,哲学,080713
080714T,电子信息科学与技术,major,0807,电子信息类,01,哲学,080714
080715T,电信工程及管理,major,0807,电子信息类,01,哲学,080715
080716T,应用电子技术教育,major,0807,电子信息类,01,哲学,080716
080717T,人工智能,major,0807,电子信息类,01,哲学,080717
080718T,海洋信息工程,major,0807,电子信息类,01,哲学,080718
080719T,柔性电子学,major,0807,电子信息类,01,哲学,080719
080720T,智能测控工程,major,0807,电子信息类,01,哲学,080720
080721T,智能视觉工程,major,0807,电子信息类,01,哲学,080721
080722T,智能视听工程,major,0807,电子信息类,01,哲学,080722
0808,自动化类,class,01,哲学,01,哲学,0808
080801,自动化,major,0808,自动化类,01,哲学,080801
080802T,轨道交通信号与控制,major,0808,自动化类,01,哲学,080802
080803T,机器人工程,major,0808,自动化类,01,哲学,080803
080804T,邮政工程,major,0808,自动化类,01,哲学,080804
080805T,核电技术与控制工程,major,0808,自动化类,01,哲学,080805
080806T,智能装备与系统,major,0808,自动化类,01,哲学,080806
080807T,工业智能,major,0808,自动化类,01,哲学,080807
080808T,智能工程与创意设计,major,0808,自动化类,01,哲学,080808
0809,计算机类,class,01,哲学,01,哲学,0809
080901,计算机科学与技术,major,0809,计算机类,01,哲学,080901
080902,软件工程,major,0809,计算机类,01,哲学,080902
080903,网络工程,major,0809,计算机类,01,哲学,080903
080904K,信息安全,major,0809,计算机类,01,哲学,080904
080905,物联网工程,major,0809,计算机类,01,哲学,080905
080906,数字媒体技术,major,0809,计算机类,01,哲学,080906
080907T,智能科学与技术,major,0809,计算机类,01,哲学,080907
080908T,空间信息与数字技术,major,0809,计算机类,01,哲学,080908
080909T,电子与计算机工程,major,0809,计算机类,01,哲学,080909
080910T,数据科学与大数据技术,major,0809,计算机类,01,哲学,080910
080911TK,网络空间安全,major,0809,计算机类,01,哲学,080911
080912T,新媒体技术,major,0809,计算机类,01,哲学,080912
080913T,电影制作,major,0809,计算机类,01,哲学,080913
080914TK,保密技术,major,0809,计算机类,01,哲学,080914
080915T,服务科学与工程,major,0809,计算机类,01,哲学,080915
080916T,虚拟现实技术,major,0809,计算机类,01,哲学,080916
080917T,区块链工程,major,0809,计算机类,01,哲学,080917
080918TK,密码科学与技术,major,0809,计算机类,01,哲学,080918
080919T,工业软件,major,0809,计算机类,01,哲学,080919
0810,土木类,class,01,哲学,01,哲学,0810
081001,土木工程,major,0810,土木类,01,哲学,081001
081002,建筑环境与能源应用工程,major,0810,土木类,01,哲学,081002
081003,给排水科学与工程,major,0810,土木类,01,哲学,081003
081004,建筑电气与智能化,major,0810,土木类,01,哲学,081004
081005T,城市地下空间工程,major,0810,土木类,01,哲学,081005
081006T,道路桥梁与渡河工程,major,0810,土木类,01,哲学,081006
081007T,铁道工程,major,0810,土木类,01,哲学,081007
081008T,智能建造,major,0810,土木类,01,哲学,081008
081009T,土木、水利与海洋工程,major,0810,土木类,01,哲学,081009
081010T,土木、水利与交通工程,major,0810,土木类,01,哲学,081010
081011T,城市水系统工程,major,0810,土木类,01,哲学,081011
081012T,智能建造与智慧交通,major,0810,土木类,01,哲学,081012
081013T,工程软件,major,0810,土木类,01,哲学,081013
0811,水利类,class,01,哲学,01,哲学,0811
081101,水利水电工程,major,0811,水利类,01,哲学,081101
081102,水文与水资源工程,major,0811,水利类,01,哲学,081102
081103,港口航道与海岸工程,major,0811,水利类,01,哲学,081103
081104T,水务工程,major,0811,水利类,01,哲学,081104
081105T,水利科学与工程,major,0811,水利类,01,哲学,081105
081106T,智慧水利,major,0811,水利类,01,哲学,081106
0812,测绘类,class,01,哲学,01,哲学,0812
081201,测绘工程,major,0812,测绘类,01,哲学,081201
081202,遥感科学与技术,major,0812,测绘类,01,哲学,081202
081203T,导航工程,major,0812,测绘类,01,哲学,081203
081204T,地理国情监测,major,0812,测绘类,01,哲学,081204
081205T,地理空间信息工程,major,0812,测绘类,01,哲学,081205
081206TK,时空信息工程,major,0812,测绘类,01,哲学,081206
0813,化工与制药类,class,01,哲学,01,哲学,0813
081301,化学工程与工艺,major,0813,化工与制药类,01,哲学,081301
081302,制药工程,major,0813,化工与制药类,01,哲学,081302
081303T,资源循环科学与工程,major,0813,化工与制药类,01,哲学,081303
081304T,能源化学工程,major,0813,化工与制药类,01,哲学,081304
081305T,化学工程与工业生物工程,major,0813,化工与制药类,01,哲学,081305
081306T,化工安全工程,major,0813,化工与制药类,01,哲学,081306
081307T,涂料工程,major,0813,化工与制药类,01,哲学,081307
081308T,精细化工,major,0813,化工与制药类,01,哲学,081308
081309T,智能分子工程,major,0813,化工与制药类,01,哲学,081309
0814,地质类,class,01,哲学,01,哲学,0814
081401,地质工程,major,0814,地质类,01,哲学,081401
081402,勘查技术与工程,major,0814,地质类,01,哲学,081402
081403K,资源勘查工程,major,0814,地质类,01,哲学,081403
081404T,地下水科学与工程,major,0814,地质类,01,哲学,081404
081405T,旅游地学与规划工程,major,0814,地质类,01,哲学,081405
081406T,智能地球探测,major,0814,地质类,01,哲学,081406
081407T,资源环境大数据工程,major,0814,地质类,01,哲学,081407
0815,矿业类,class,01,哲学,01,哲学,0815
081501,采矿工程,major,0815,矿业类,01,哲学,081501
081502,石油工程,major,0815,矿业类,01,哲学,081502
081503,矿物加工工程,major,0815,矿业类,01,哲学,081503
081504,油气储运工程,major,0815,矿业类,01,哲学,081504
081505T,矿物资源工程,major,0815,矿业类,01,哲学,081505
081506T,海洋油气工程,major,0815,矿业类,01,哲学,081506
081507T,智能采矿工程,major,0815,矿业类,01,哲学,081507
081508TK,碳储科学与工程,major,0815,矿业类,01,哲学,081508
0816,纺织类,class,01,哲学,01,哲学,0816
081601,纺织工程,major,0816,纺织类,01,哲学,081601
081602,服装设计与工程,major,0816,纺织类,01,哲学,081602
081603T,非织造材料与工程,major,0816,纺织类,01,哲学,081603
081604T,服装设计与工艺教育,major,0816,纺织类,01,哲学,081604
081605T,丝绸设计与工程,major,0816,纺织类,01,哲学,081605
0817,轻工类,class,01,哲学,01,哲学,0817
081701,轻化工程,major,0817,轻工类,01,哲学,081701
081702,包装工程,major,0817,轻工类,01,哲学,081702
081703,印刷工程,major,0817,轻工类,01,哲学,081703
081704T,香料香精技术与工程,major,0817,轻工类,01,哲学,081704
081705T,化妆品技术与工程,major,0817,轻工类,01,哲学,081705
081706TK,生物质能源与材料,major,0817,轻工类,01,哲学,081706
081707T,生物质技术与工程,major,0817,轻工类,01,哲学,081707
0818,交通运输类,class,01,哲学,01,哲学,0818
081801,交通运输,major,0818,交通运输类,01,哲学,081801
081802,交通工程,major,0818,交通运输类,01,哲学,081802
081803K,航海技术,major,0818,交通运输类,01,哲学,081803
081804K,轮机工程,major,0818,交通运输类,01,哲学,081804
081805K,飞行技术,major,0818,交通运输类,01,哲学,081805
081806T,交通设备与控制工程,major,0818,交通运输类,01,哲学,081806
081807T,救助与打捞工程,major,0818,交通运输类,01,哲学,081807
081808TK,船舶电子电气工程,major,0818,交通运输类,01,哲学,081808
081809T,轨道交通电气与控制,major,0818,交通运输类,01,哲学,081809
081810T,邮轮工程与管理,major,0818,交通运输类,01,哲学,081810
081811T,智慧交通,major,0818,交通运输类,01,哲学,081811
081812T,智能运输工程,major,0818,交通运输类,01,哲学,081812
0819,海洋工程类,class,01,哲学,01,哲学,0819
081901,船舶与海洋工程,major,0819,海洋工程类,01,哲学,081901
081902T,海洋工程与技术,major,0819,海洋工程类,01,哲学,081902
081903T,海洋资源开发技术,major,0819,海洋工程类,01,哲学,081903
081904T,海洋机器人,major,0819,海洋工程类,01,哲学,081904
081905T,智慧海洋技术,major,0819,海洋工程类,01,哲学,081905
081906T,智能海洋装备,major,0819,海洋工程类,01,哲学,081906
0820,航空航天类,class,01,哲学,01,哲学,0820
082001,航空航天工程,major,0820,航空航天类,01,哲学,082001
082002,飞行器设计与工程,major,0820,航空航天类,01,哲学,082002
082003,飞行器制造工程,major,0820,航空航天类,01,哲学,082003
082004,飞行器动力工程,major,0820,航空航天类,01,哲学,082004
082005,飞行器环境与生命保障工程,major,0820,航空航天类,01,哲学,082005
082006T,飞行器质量与可靠性,major,0820,航空航天类,01,哲学,082006
082007T,飞行器适航技术,major,0820,航空航天类,01,哲学,082007
082008T,飞行器控制与信息工程,major,0820,航空航天类,01,哲学,082008
082009T,无人驾驶航空器系统工程,major,0820,航空航天类,01,哲学,082009
082010T,智能飞行器技术,major,0820,航空航天类,01,哲学,082010
082011T,空天智能电推进技术,major,0820,航空航天类,01,哲学,082011
082012T,飞行器运维工程,major,0820,航空航天类,01,哲学,082012
0821,兵器类,class,01,哲学,01,哲学,0821
082101,武器系统与工程,major,0821,兵器类,01,哲学,082101
082102,武器发射工程,major,0821,兵器类,01,哲学,082102
082103,探测制导与控制技术,major,0821,兵器类,01,哲学,082103
082104,弹药工程与爆炸技术,major,0821,兵器类,01,哲学,082104
082105,特种能源技术与工程,major,0821,兵器类,01,哲学,082105
082106,装甲车辆工程,major,0821,兵器类,01,哲学,082106
082107,信息对抗技术,major,0821,兵器类,01,哲学,082107
082108T,智能无人系统技术,major,0821,兵器类,01,哲学,082108
0822,核工程类,class,01,哲学,01,哲学,0822
082201,核工程与核技术,major,0822,核工程类,01,哲学,082201
082202,辐射防护与核安全,major,0822,核工程类,01,哲学,082202
082203,工程物理,major,0822,核工程类,01,哲学,082203
082204,核化工与核燃料工程,major,0822,核工程类,01,哲学,082204
0823,农业工程类,class,01,哲学,01,哲学,0823
082301,农业工程,major,0823,农业工程类,01,哲学,082301
082302,农业机械化及其自动化,major,0823,农业工程类,01,哲学,082302
082303,农业电气化,major,0823,农业工程类,01,哲学,082303
082304,农业建筑环境与能源工程,major,0823,农业工程类,01,哲学,082304
082305,农业水利工程,major,0823,农业工程类,01,哲学,082305
082306T,土地整治工程,major,0823,农业工程类,01,哲学,082306
082307T,农业智能装备工程,major,0823,农业工程类,01,哲学,082307
0824,林业工程类,class,01,哲学,01,哲学,0824
082401,森林工程,major,0824,林业工程类,01,哲学,082401
082402,木材科学与工程,major,0824,林业工程类,01,哲学,082402
082403,林产化工,major,0824,林业工程类,01,哲学,082403
082404T,家具设计与工程,major,0824,林业工程类,01,哲学,082404
082405T,木结构建筑与材料,major,0824,林业工程类,01,哲学,082405
0825,环境科学与工程类,class,01,哲学,01,哲学,0825
082501,环境科学与工程,major,0825,环境科学与工程类,01,哲学,082501
082502,环境工程,major,0825,环境科学与工程类,01,哲学,082502
082503,环境科学,major,0825,环境科学与工程类,01,哲学,082503
082504,环境生态工程,major,0825,环境科学与工程类,01,哲学,082504
082505T,环保设备工程,major,0825,环境科学与工程类,01,哲学,082505
082506T,资源环境科学,major,0825,环境科学与工程类,01,哲学,082506
082507T,水质科学与技术,major,0825,环境科学与工程类,01,哲学,082507
0826,生物医学工程类,class,01,哲学,01,哲学,0826
082601,生物医学工程,major,0826,生物医学工程类,01,哲学,082601
082602T,假肢矫形工程,major,0826,生物医学工程类,01,哲学,082602
082603T,临床工程技术,major,0826,生物医学工程类,01,哲学,082603
082604T,康复工程,major,0826,生物医学工程类,01,哲学,082604
082605T,健康科学与技术,major,0826,生物医学工程类,01,哲学,082605
0827,食品科学与工程类,class,01,哲学,01,哲学,0827
082701,食品科学与工程,major,0827,食品科学与工程类,01,哲学,082701
082702,食品质量与安全,major,0827,食品科学与工程类,01,哲学,082702
082703,粮食工程,major,0827,食品科学与工程类,01,哲学,082703
082704,乳品工程,major,0827,食品科学与工程类,01,哲学,082704
082705,酿酒工程,major,0827,食品科学与工程类,01,哲学,082705
082706T,葡萄与葡萄酒工程,major,0827,食品科学与工程类,01,哲学,082706
082707T,食品营养与检验教育,major,0827,食品科学与工程类,01,哲学,082707
082708T,烹饪与营养教育,major,0827,食品科学与工程类,01,哲学,082708
082709T,食品安全与检测,major,0827,食品科学与工程类,01,哲学,082709
082710T,食品营养与健康,major,0827,食品科学与工程类,01,哲学,082710
082711T,食用菌科学与工程,major,0827,食品科学与工程类,01,哲学,082711
082712T,白酒酿造工程,major,0827,食品科学与工程类,01,哲学,082712
082713T,咖啡科学与工程,major,0827,食品科学与工程类,01,哲学,082713
0828,建筑类,class,01,哲学,01,哲学,0828
082801,建筑学,major,0828,建筑类,01,哲学,082801
082802,城乡规划,major,0828,建筑类,01,哲学,082802
082803,风景园林,major,0828,建筑类,01,哲学,082803
082804T,历史建筑保护工程,major,0828,建筑类,01,哲学,082804
082805T,人居环境科学与技术,major,0828,建筑类,01,哲学,082805
082806T,城市设计,major,0828,建筑类,01,哲学,082806
082807T,智慧建筑与建造,major,0828,建筑类,01,哲学,082807
0829,安全科学与工程类,class,01,哲学,01,哲学,0829
082901,安全工程,major,0829,安全科学与工程类,01,哲学,082901
082902T,应急技术与管理,major,0829,安全科学与工程类,01,哲学,082902
082903T,职业卫生工程,major,0829,安全科学与工程类,01,哲学,082903
082904T,安全生产监管,major,0829,安全科学与工程类,01,哲学,082904
082905TK,智慧应急,major,0829,安全科学与工程类,01,哲学,082905
0830,生物工程类,class,01,哲学,01,哲学,0830
083001,生物工程,major,0830,生物工程类,01,哲学,083001
083002T,生物制药,major,0830,生物工程类,01,哲学,083002
083003T,合成生物学,major,0830,生物工程类,01,哲学,083003
0831,公安技术类,class,01,哲学,01,哲学,0831
083101K,刑事科学技术,major,0831,公安技术类,01,哲学,083101
083102K,消防工程,major,0831,公安技术类,01,哲学,083102
083103TK,交通管理工程,major,0831,公安技术类,01,哲学,083103
083104TK,安全防范工程,major,0831,公安技术类,01,哲学,083104
083105TK,公安视听技术,major,0831,公安技术类,01,哲学,083105
083106TK,抢险救援指挥与技术,major,0831,公安技术类,01,哲学,083106
083107TK,火灾勘查,major,0831,公安技术类,01,哲学,083107
083108TK,网络安全与执法,major,0831,公安技术类,01,哲学,083108
083109TK,核生化消防,major,0831,公安技术类,01,哲学,083109
083110TK,海警舰艇指挥与技术,major,0831,公安技术类,01,哲学,083110
083111TK,数据警务技术,major,0831,公安技术类,01,哲学,083111
083112TK,食品药品环境犯罪侦查技术,major,0831,公安技术类,01,哲学,083112
0832,交叉工程类,class,01,哲学,01,哲学,0832
083201TK,未来机器人,major,0832,交叉工程类,01,哲学,083201
083202TK,交叉工程,major,0832,交叉工程类,01,哲学,083202
083203TK,低空技术与工程,major,0832,交叉工程类,01,哲学,083203
083204TK,集成电路科学与工程,major,0832,交叉工程类,01,哲学,083204
083205T,碳中和科学与工程,major,0832,交叉工程类,01,哲学,083205
083206T,智慧城市与空间规划,major,0832,交叉工程类,01,哲学,083206
0901,植物生产类,class,01,哲学,01,哲学,0901
090101,农学,major,0901,植物生产类,01,哲学,090101
090102,园艺,major,0901,植物生产类,01,哲学,090102
090103,植物保护,major,0901,植物生产类,01,哲学,090103
090104,植物科学与技术,major,0901,植物生产类,01,哲学,090104
090105,种子科学与工程,major,0901,植物生产类,01,哲学,090105
090106,设施农业科学与工程,major,0901,植物生产类,01,哲学,090106
090107T,茶学,major,0901,植物生产类,01,哲学,090107
090108T,烟草,major,0901,植物生产类,01,哲学,090108
090109T,应用生物科学,major,0901,植物生产类,01,哲学,090109
090110T,农艺教育,major,0901,植物生产类,01,哲学,090110
090111T,园艺教育,major,0901,植物生产类,01,哲学,090111
090112T,智慧农业,major,0901,植物生产类,01,哲学,090112
090113T,菌物科学与工程,major,0901,植物生产类,01,哲学,090113
090114T,农药化肥,major,0901,植物生产类,01,哲学,090114
090115T,生物农药科学与工程,major,0901,植物生产类,01,哲学,090115
090116TK,生物育种科学,major,0901,植物生产类,01,哲学,090116
090117TK,生物育种技术,major,0901,植物生产类,01,哲学,090117
0902,自然保护与环境生态类,class,01,哲学,01,哲学,0902
090201,农业资源与环境,major,0902,自然保护与环境生态类,01,哲学,090201
090202,野生动物与自然保护区管理,major,0902,自然保护与环境生态类,01,哲学,090202
090203,水土保持与荒漠化防治,major,0902,自然保护与环境生态类,01,哲学,090203
090204T,生物质科学与工程,major,0902,自然保护与环境生态类,01,哲学,090204
090205T,土地科学与技术,major,0902,自然保护与环境生态类,01,哲学,090205
090206T,湿地保护与恢复,major,0902,自然保护与环境生态类,01,哲学,090206
090207TK,国家公园建设与管理,major,0902,自然保护与环境生态类,01,哲学,090207
090208TK,生态修复学,major,0902,自然保护与环境生态类,01,哲学,090208
0903,动物生产类,class,01,哲学,01,哲学,0903
090301,动物科学,major,0903,动物生产类,01,哲学,090301
090302T,蚕学,major,0903,动物生产类,01,哲学,090302
090303T,蜂学,major,0903,动物生产类,01,哲学,090303
090304T,经济动物学,major,0903,动物生产类,01,哲学,090304
090305T,马业科学,major,0903,动物生产类,01,哲学,090305
090306T,饲料工程,major,0903,动物生产类,01,哲学,090306
090307T,智慧牧业科学与工程,major,0903,动物生产类,01,哲学,090307
0904,动物医学类,class,01,哲学,01,哲学,0904
090401,动物医学,major,0904,动物医学类,01,哲学,090401
090402,动物药学,major,0904,动物医学类,01,哲学,090402
090403T,动植物检疫,major,0904,动物医学类,01,哲学,090403
090404T,实验动物学,major,0904,动物医学类,01,哲学,090404
090405T,中兽医学,major,0904,动物医学类,01,哲学,090405
090406TK,兽医公共卫生,major,0904,动物医学类,01,哲学,090406
0905,林学类,class,01,哲学,01,哲学,0905
090501,林学,major,0905,林学类,01,哲学,090501
090502,园林,major,0905,林学类,01,哲学,090502
090503,森林保护,major,0905,林学类,01,哲学,090503
090504T,经济林,major,0905,林学类,01,哲学,090504
090505T,智慧林业,major,0905,林学类,01,哲学,090505
0906,水产类,class,01,哲学,01,哲学,0906
090601,水产养殖学,major,0906,水产类,01,哲学,090601
090602,海洋渔业科学与技术,major,0906,水产类,01,哲学,090602
090603T,水族科学与技术,major,0906,水产类,01,哲学,090603
090604TK,水生动物医学,major,0906,水产类,01,哲学,090604
0907,草学类,class,01,哲学,01,哲学,0907
090701,草业科学,major,0907,草学类,01,哲学,090701
090702T,草坪科学与工程,major,0907,草学类,01,哲学,090702
1001,基础医学类,class,01,哲学,01,哲学,1001
100101K,基础医学,major,1001,基础医学类,01,哲学,100101
100102TK,生物医学,major,1001,基础医学类,01,哲学,100102
100103T,生物医学科学,major,1001,基础医学类,01,哲学,100103
1002,临床医学类,class,01,哲学,01,哲学,1002
100201K,临床医学,major,1002,临床医学类,01,哲学,100201
100202TK,麻醉学,major,1002,临床医学类,01,哲学,100202
100203TK,医学影像学,major,1002,临床医学类,01,哲学,100203
100204TK,眼视光医学,major,1002,临床医学类,01,哲学,100204
100205TK,精神医学,major,1002,临床医学类,01,哲学,100205
100206TK,放射医学,major,1002,临床医学类,01,哲学,100206
100207TK,儿科学,major,1002,临床医学类,01,哲学,100207
1003,口腔医学类,class,01,哲学,01,哲学,1003
100301K,口腔医学,major,1003,口腔医学类,01,哲学,100301
1004,公共卫生与预防医学类,class,01,哲学,01,哲学,1004
100401K,预防医学,major,1004,公共卫生与预防医学类,01,哲学,100401
100402,食品卫生与营养学,major,1004,公共卫生与预防医学类,01,哲学,100402
100403TK,妇幼保健医学,major,1004,公共卫生与预防医学类,01,哲学,100403
100404TK,卫生监督,major,1004,公共卫生与预防医学类,01,哲学,100404
100405TK,全球健康学,major,1004,公共卫生与预防医学类,01,哲学,100405
100406T,运动与公共健康,major,1004,公共卫生与预防医学类,01,哲学,100406
1005,中医学类,class,01,哲学,01,哲学,1005
100501K,中医学,major,1005,中医学类,01,哲学,100501
100502K,针灸推拿学,major,1005,中医学类,01,哲学,100502
100503K,藏医学,major,1005,中医学类,01,哲学,100503
100504K,蒙医学,major,1005,中医学类,01,哲学,100504
100505K,维医学,major,1005,中医学类,01,哲学,100505
100506K,壮医学,major,1005,中医学类,01,哲学,100506
100507K,哈医学,major,1005,中医学类,01,哲学,100507
100508TK,傣医学,major,1005,中医学类,01,哲学,100508
100509TK,回医学,major,1005,中医学类,01,哲学,100509
100510TK,中医康复学,major,1005,中医学类,01,哲学,100510
100511TK,中医养生学,major,1005,中医学类,01,哲学,100511
100512TK,中医儿科学,major,1005,中医学类,01,哲学,100512
100513TK,中医骨伤科学,major,1005,中医学类,01,哲学,100513
1006,中西医结合类,class,01,哲学,01,哲学,1006
100601K,中西医临床医学,major,1006,中西医结合类,01,哲学,100601
1007,药学类,class,01,哲学,01,哲学,1007
100701,药学,major,1007,药学类,01,哲学,100701
100702,药物制剂,major,1007,药学类,01,哲学,100702
100703TK,临床药学,major,1007,药学类,01,哲学,100703
100704T,药事管理,major,1007,药学类,01,哲学,100704
100705T,药物分析,major,1007,药学类,01,哲学,100705
100706T,药物化学,major,1007,药学类,01,哲学,100706
100707T,海洋药学,major,1007,药学类,01,哲学,100707
100708T,化妆品科学与技术,major,1007,药学类,01,哲学,100708
100709TK,药物经济与管理,major,1007,药学类,01,哲学,100709
1008,中药学类,class,01,哲学,01,哲学,1008
100801,中药学,major,1008,中药学类,01,哲学,100801
100802,中药资源与开发,major,1008,中药学类,01,哲学,100802
100803T,藏药学,major,1008,中药学类,01,哲学,100803
100804T,蒙药学,major,1008,中药学类,01,哲学,100804
100805T,中药制药,major,1008,中药学类,01,哲学,100805
100806T,中草药栽培与鉴定,major,1008,中药学类,01,哲学,100806
1009,法医学类,class,01,哲学,01,哲学,1009
100901K,法医学,major,1009,法医学类,01,哲学,100901
1010,医学技术类,class,01,哲学,01,哲学,1010
101001,医学检验技术,major,1010,医学技术类,01,哲学,101001
101002,医学实验技术,major,1010,医学技术类,01,哲学,101002
101003,医学影像技术,major,1010,医学技术类,01,哲学,101003
101004,眼视光学,major,1010,医学技术类,01,哲学,101004
101005,康复治疗学,major,1010,医学技术类,01,哲学,101005
101006,口腔医学技术,major,1010,医学技术类,01,哲学,101006
101007,卫生检验与检疫,major,1010,医学技术类,01,哲学,101007
101008T,听力与言语康复学,major,1010,医学技术类,01,哲学,101008
101009T,康复物理治疗,major,1010,医学技术类,01,哲学,101009
101010T,康复作业治疗,major,1010,医学技术类,01,哲学,101010
101011T,智能医学工程,major,1010,医学技术类,01,哲学,101011
101012T,生物医药数据科学,major,1010,医学技术类,01,哲学,101012
101013T,智能影像工程,major,1010,医学技术类,01,哲学,101013
101014TK,医工学,major,1010,医学技术类,01,哲学,101014
101015TK,医疗器械与装备工程,major,1010,医学技术类,01,哲学,101015
101016TK,健康与医疗保障,major,1010,医学技术类,01,哲学,101016
101017TK,老年医学与健康,major,1010,医学技术类,01,哲学,101017
1011,护理学类,class,01,哲学,01,哲学,1011
101101K,护理学,major,1011,护理学类,01,哲学,101101
101102TK,助产学,major,1011,护理学类,01,哲学,101102
1201,管理科学与工程类,class,01,哲学,01,哲学,1201
120101,管理科学,major,1201,管理科学与工程类,01,哲学,120101
120102,信息管理与信息系统,major,1201,管理科学与工程类,01,哲学,120102
120103,工程管理,major,1201,管理科学与工程类,01,哲学,120103
120104,房地产开发与管理,major,1201,管理科学与工程类,01,哲学,120104
120105,工程造价,major,1201,管理科学与工程类,01,哲学,120105
120106TK,保密管理,major,1201,管理科学与工程类,01,哲学,120106
120107T,邮政管理,major,1201,管理科学与工程类,01,哲学,120107
120108T,大数据管理与应用,major,1201,管理科学与工程类,01,哲学,120108
120109T,工程审计,major,1201,管理科学与工程类,01,哲学,120109
120110T,计算金融,major,1201,管理科学与工程类,01,哲学,120110
120111T,应急管理,major,1201,管理科学与工程类,01,哲学,120111
1202,工商管理类,class,01,哲学,01,哲学,1202
120201K,工商管理,major,1202,工商管理类,01,哲学,120201
120202,市场营销,major,1202,工商管理类,01,哲学,120202
120203K,会计学,major,1202,工商管理类,01,哲学,120203
120204,财务管理,major,1202,工商管理类,01,哲学,120204
120205,国际商务,major,1202,工商管理类,01,哲学,120205
120206,人力资源管理,major,1202,工商管理类,01,哲学,120206
120207,审计学,major,1202,工商管理类,01,哲学,120207
120208,资产评估,major,1202,工商管理类,01,哲学,120208
120209,物业管理,major,1202,工商管理类,01,哲学,120209
120210,文化产业管理,major,1202,工商管理类,01,哲学,120210
120211T,劳动关系,major,1202,工商管理类,01,哲学,120211
120212T,体育经济与管理,major,1202,工商管理类,01,哲学,120212
120213T,财务会计教育,major,1202,工商管理类,01,哲学,120213
120214T,市场营销教育,major,1202,工商管理类,01,哲学,120214
120215T,零售业管理,major,1202,工商管理类,01,哲学,120215
120216T,创业管理,major,1202,工商管理类,01,哲学,120216
120217TK,海关稽查,major,1202,工商管理类,01,哲学,120217
120218T,内部审计,major,1202,工商管理类,01,哲学,120218
1203,农业经济管理类,class,01,哲学,01,哲学,1203
120301,农林经济管理,major,1203,农业经济管理类,01,哲学,120301
120302,农村区域发展,major,1203,农业经济管理类,01,哲学,120302
120303TK,乡村治理,major,1203,农业经济管理类,01,哲学,120303
1204,公共管理类,class,01,哲学,01,哲学,1204
120401,公共事业管理,major,1204,公共管理类,01,哲学,120401
120402,行政管理,major,1204,公共管理类,01,哲学,120402
120403,劳动与社会保障,major,1204,公共管理类,01,哲学,120403
120404,土地资源管理,major,1204,公共管理类,01,哲学,120404
120405,城市管理,major,1204,公共管理类,01,哲学,120405
120406TK,海关管理,major,1204,公共管理类,01,哲学,120406
120407T,交通管理,major,1204,公共管理类,01,哲学,120407
120408T,海事管理,major,1204,公共管理类,01,哲学,120408
120409T,公共关系学,major,1204,公共管理类,01,哲学,120409
120410T,健康服务与管理,major,1204,公共管理类,01,哲学,120410
120411TK,海警后勤管理,major,1204,公共管理类,01,哲学,120411
120412T,医疗产品管理,major,1204,公共管理类,01,哲学,120412
120413T,医疗保险,major,1204,公共管理类,01,哲学,120413
120414T,养老服务管理,major,1204,公共管理类,01,哲学,120414
120415TK,海关检验检疫安全,major,1204,公共管理类,01,哲学,120415
120416TK,海外安全管理,major,1204,公共管理类,01,哲学,120416
120417T,自然资源登记与管理,major,1204,公共管理类,01,哲学,120417
120418T,慈善管理,major,1204,公共管理类,01,哲学,120418
120419TK,航空安防管理,major,1204,公共管理类,01,哲学,120419
120420TK,无障碍管理,major,1204,公共管理类,01,哲学,120420
120421TK,人才发展与管理,major,1204,公共管理类,01,哲学,120421
1205,图书情报与档案管理类,class,01,哲学,01,哲学,1205
120501,图书馆学,major,1205,图书情报与档案管理类,01,哲学,120501
120502,档案学,major,1205,图书情报与档案管理类,01,哲学,120502
120503,信息资源管理,major,1205,图书情报与档案管理类,01,哲学,120503
1206,物流管理与工程类,class,01,哲学,01,哲学,1206
120601,物流管理,major,1206,物流管理与工程类,01,哲学,120601
120602,物流工程,major,1206,物流管理与工程类,01,哲学,120602
120603T,采购管理,major,1206,物流管理与工程类,01,哲学,120603
120604T,供应链管理,major,1206,物流管理与工程类,01,哲学,120604
1207,工业工程类,class,01,哲学,01,哲学,1207
120701,工业工程,major,1207,工业工程类,01,哲学,120701
120702T,标准化工程,major,1207,工业工程类,01,哲学,120702
120703T,质量管理工程,major,1207,工业工程类,01,哲学,120703
1208,电子商务类,class,01,哲学,01,哲学,1208
120801,电子商务,major,1208,电子商务类,01,哲学,120801
120802T,电子商务及法律,major,1208,电子商务类,01,哲学,120802
120803T,跨境电子商务,major,1208,电子商务类,01,哲学,120803
1209,旅游管理类,class,01,哲学,01,哲学,1209
120901K,旅游管理,major,1209,旅游管理类,01,哲学,120901
120902,酒店管理,major,1209,旅游管理类,01,哲学,120902
120903,会展经济与管理,major,1209,旅游管理类,01,哲学,120903
120904T,旅游管理与服务教育,major,1209,旅游管理类,01,哲学,120904
120905TK,国际邮轮管理,major,1209,旅游管理类,01,哲学,120905
1301,艺术学理论类,class,01,哲学,01,哲学,1301
130101,艺术史论,major,1301,艺术学理论类,01,哲学,130101
130102T,艺术管理,major,1301,艺术学理论类,01,哲学,130102
130103T,非物质文化遗产保护,major,1301,艺术学理论类,01,哲学,130103
1302,音乐与舞蹈学类,class,01,哲学,01,哲学,1302
130201,音乐表演,major,1302,音乐与舞蹈学类,01,哲学,130201
130202,音乐学,major,1302,音乐与舞蹈学类,01,哲学,130202
130203,作曲与作曲技术理论,major,1302,音乐与舞蹈学类,01,哲学,130203
130204,舞蹈表演,major,1302,音乐与舞蹈学类,01,哲学,130204
130205,舞蹈学,major,1302,音乐与舞蹈学类,01,哲学,130205
130206,舞蹈编导,major,1302,音乐与舞蹈学类,01,哲学,130206
130207T,舞蹈教育,major,1302,音乐与舞蹈学类,01,哲学,130207
130208TK,航空服务艺术与管理,major,1302,音乐与舞蹈学类,01,哲学,130208
130209T,流行音乐,major,1302,音乐与舞蹈学类,01,哲学,130209
130210T,音乐治疗,major,1302,音乐与舞蹈学类,01,哲学,130210
130211T,流行舞蹈,major,1302,音乐与舞蹈学类,01,哲学,130211
130212T,音乐教育,major,1302,音乐与舞蹈学类,01,哲学,130212
130213TK,冰雪舞蹈表演,major,1302,音乐与舞蹈学类,01,哲学,130213
130214TK,舞蹈治疗,major,1302,音乐与舞蹈学类,01,哲学,130214
130215T,音乐科技,major,1302,音乐与舞蹈学类,01,哲学,130215
1303,戏剧与影视学类,class,01,哲学,01,哲学,1303
130301,表演,major,1303,戏剧与影视学类,01,哲学,130301
130302,戏剧学,major,1303,戏剧与影视学类,01,哲学,130302
130303,电影学,major,1303,戏剧与影视学类,01,哲学,130303
130304,戏剧影视文学,major,1303,戏剧与影视学类,01,哲学,130304
130305,广播电视编导,major,1303,戏剧与影视学类,01,哲学,130305
130306,戏剧影视导演,major,1303,戏剧与影视学类,01,哲学,130306
130307,戏剧影视美术设计,major,1303,戏剧与影视学类,01,哲学,130307
130308,录音艺术,major,1303,戏剧与影视学类,01,哲学,130308
130309,播音与主持艺术,major,1303,戏剧与影视学类,01,哲学,130309
130310,动画,major,1303,戏剧与影视学类,01,哲学,130310
130311T,影视摄影与制作,major,1303,戏剧与影视学类,01,哲学,130311
130312T,影视技术,major,1303,戏剧与影视学类,01,哲学,130312
130313T,戏剧教育,major,1303,戏剧与影视学类,01,哲学,130313
130314TK,曲艺,major,1303,戏剧与影视学类,01,哲学,130314
130315TK,音乐剧,major,1303,戏剧与影视学类,01,哲学,130315
130316T,数字戏剧,major,1303,戏剧与影视学类,01,哲学,130316
130317T,数字演艺设计,major,1303,戏剧与影视学类,01,哲学,130317
130318T,智能影像艺术,major,1303,戏剧与影视学类,01,哲学,130318
1304,美术学类,class,01,哲学,01,哲学,1304
130401,美术学,major,1304,美术学类,01,哲学,130401
130402,绘画,major,1304,美术学类,01,哲学,130402
130403,雕塑,major,1304,美术学类,01,哲学,130403
130404,摄影,major,1304,美术学类,01,哲学,130404
130405T,书法学,major,1304,美术学类,01,哲学,130405
130406T,中国画,major,1304,美术学类,01,哲学,130406
130407TK,实验艺术,major,1304,美术学类,01,哲学,130407
130408TK,跨媒体艺术,major,1304,美术学类,01,哲学,130408
130409T,文物保护与修复,major,1304,美术学类,01,哲学,130409
130410T,漫画,major,1304,美术学类,01,哲学,130410
130411T,纤维艺术,major,1304,美术学类,01,哲学,130411
130412TK,科技艺术,major,1304,美术学类,01,哲学,130412
130413TK,美术教育,major,1304,美术学类,01,哲学,130413
130414T,虚拟空间艺术,major,1304,美术学类,01,哲学,130414
1305,设计学类,class,01,哲学,01,哲学,1305
130501,艺术设计学,major,1305,设计学类,01,哲学,130501
130502,视觉传达设计,major,1305,设计学类,01,哲学,130502
130503,环境设计,major,1305,设计学类,01,哲学,130503
130504,产品设计,major,1305,设计学类,01,哲学,130504
130505,服装与服饰设计,major,1305,设计学类,01,哲学,130505
130506,公共艺术,major,1305,设计学类,01,哲学,130506
130507,工艺美术,major,1305,设计学类,01,哲学,130507
130508,数字媒体艺术,major,1305,设计学类,01,哲学,130508
130509T,艺术与科技,major,1305,设计学类,01,哲学,130509
130510TK,陶瓷艺术设计,major,1305,设计学类,01,哲学,130510
130511T,新媒体艺术,major,1305,设计学类,01,哲学,130511
130512T,包装设计,major,1305,设计学类,01,哲学,130512
130513TK,珠宝首饰设计与工艺,major,1305,设计学类,01,哲学,130513
130514T,人居设计,major,1305,设计学类,01,哲学,130514
130515TK,游戏艺术设计,major,1305,设计学类,01,哲学,130515
