category_no,category,major
1,哲学类,哲学
1,哲学类,逻辑学
1,哲学类,宗教学
1,哲学类,伦理学
1,哲学类,应用伦理
1,哲学类,马克思主义哲学
1,哲学类,中国哲学
1,哲学类,外国哲学
1,哲学类,美学
1,哲学类,科学技术哲学
2,法学类,法学
2,法学类,知识产权
2,法学类,信用风险管理与法律防控
2,法学类,国际经贸规则
2,法学类,司法警察学
2,法学类,知识产权法
2,法学类,法学理论
2,法学类,法律史
2,法学类,宪法学与行政法学
2,法学类,刑法学
2,法学类,民商法学（含：劳动法学
2,法学类,社会保障法学）
2,法学类,诉讼法学
2,法学类,经济法学
2,法学类,环境与资源保护法学
2,法学类,国际法学（含：国际公法
2,法学类,国际私法
2,法学类,国际经济法）
2,法学类,军事法学
2,法学类,法律
2,法学类,纪检监察
2,法学类,纪检监察学
2,法学类,经济犯罪侦查
3,政治学类,政治学
3,政治学类,政治学与行政学
3,政治学类,国际政治
3,政治学类,外交学
3,政治学类,国际事务与国际关系
3,政治学类,政治学
3,政治学类,经济学与哲学[注：该专业名称为“政治学
3,政治学类,经济学与哲学”]
3,政治学类,国际组织与全球治理
3,政治学类,国际文化交流
3,政治学类,欧洲事务与欧洲关系
3,政治学类,东亚事务与东亚关系
3,政治学类,国际事务
3,政治学类,政治学理论
3,政治学类,中外政治制度
3,政治学类,科学社会主义与国际共产主义运动
3,政治学类,中共党史（含：党的学说与党的建设）
3,政治学类,国际关系
3,政治学类,国际政治经济学
4,社会学类,社会学
4,社会学类,社会工作
4,社会学类,人类学
4,社会学类,女性学
4,社会学类,人口学
4,社会学类,民俗学（含：中国民间文学）
4,社会学类,社会政策
5,马克思主义理论类,马克思主义理论
5,马克思主义理论类,科学社会主义
5,马克思主义理论类,中国共产党历史
5,马克思主义理论类,思想政治教育
5,马克思主义理论类,科学社会主义与国际共产主义运动
5,马克思主义理论类,中国革命史与中国共产党党史
5,马克思主义理论类,马克思主义基本原理
5,马克思主义理论类,马克思主义发展史
5,马克思主义理论类,马克思主义中国化研究
5,马克思主义理论类,国外马克思主义研究
5,马克思主义理论类,中国近现代史基本问题研究
6,公安学类,公安学
6,公安学类,治安学
6,公安学类,侦查学
6,公安学类,边防管理
6,公安学类,禁毒学
6,公安学类,经济犯罪侦查
6,公安学类,边防指挥
6,公安学类,消防指挥
6,公安学类,警卫学
6,公安学类,公安情报学
6,公安学类,犯罪学
6,公安学类,公安管理学
6,公安学类,涉外警务
6,公安学类,国内安全保卫
6,公安学类,警务指挥与战术
6,公安学类,技术侦查学
6,公安学类,海警执法
6,公安学类,公安政治工作
6,公安学类,移民管理
6,公安学类,出入境管理
6,公安学类,警务
6,公安学类,铁路警务
7,教育学类,教育学
7,教育学类,科学教育
7,教育学类,人文教育
7,教育学类,教育技术学
7,教育学类,教育学原理
7,教育学类,课程与教学论
7,教育学类,教育史
7,教育学类,比较教育学
7,教育学类,高等教育学
7,教育学类,认知科学与技术
7,教育学类,教育法学
7,教育学类,教育管理
7,教育学类,现代教育技术
7,教育学类,科学与技术教育
8,中国语言文学类,中国语言文学
8,中国语言文学类,汉语言文学
8,中国语言文学类,汉语言
8,中国语言文学类,汉语国际教育
8,中国语言文学类,中国少数民族语言文学
8,中国语言文学类,古典文献学
8,中国语言文学类,应用语言学
8,中国语言文学类,秘书学
8,中国语言文学类,中国语言文化
8,中国语言文学类,对外汉语
8,中国语言文学类,中国学
8,中国语言文学类,文秘教育
8,中国语言文学类,文艺学
8,中国语言文学类,语言学及应用语言学
8,中国语言文学类,汉语言文字学
8,中国语言文学类,中国古典文献学
8,中国语言文学类,中国古代文学
8,中国语言文学类,中国现当代文学
8,中国语言文学类,比较文学与世界文学
8,中国语言文学类,中国语言与文化
8,中国语言文学类,数字人文
8,中国语言文学类,国际中文教育
9,新闻传播学类,新闻传播学
9,新闻传播学类,新闻学
9,新闻传播学类,广播电视学
9,新闻传播学类,广告学
9,新闻传播学类,传播学
9,新闻传播学类,编辑出版学
9,新闻传播学类,网络与新媒体
9,新闻传播学类,数字出版
9,新闻传播学类,时尚传播
9,新闻传播学类,国际新闻与传播
9,新闻传播学类,会展
9,新闻传播学类,新媒体与信息网络
9,新闻传播学类,媒体创意
9,新闻传播学类,新闻与传播
9,新闻传播学类,出版
9,新闻传播学类,广播电视新闻学
10,英语相关专业,英语
10,英语相关专业,英语笔译
10,英语相关专业,英语口译
10,英语相关专业,商务英语
10,英语相关专业,英语语言文学
10,英语相关专业,翻译[注：指所学语种为英语的“翻译”专业]
10,英语相关专业,外国语言文学[注：指所学语种为英语的“外国语言文学”专业]
10,英语相关专业,外国语言学及应用语言学[注：指所学语种为英语的“外国语言学及应用语言学”专业]
10,英语相关专业,语言学[注：指所学语种为英语的“语言学”专业]
11,其他外语语种,[参照英语]
12,经济学类,经济学
12,经济学类,经济统计学
12,经济学类,国民经济管理
12,经济学类,资源与环境经济学
12,经济学类,商务经济学
12,经济学类,能源经济
12,经济学类,劳动经济学
12,经济学类,经济工程
12,经济学类,数字经济
12,经济学类,理论经济学
12,经济学类,政治经济学
12,经济学类,经济思想史
12,经济学类,经济史
12,经济学类,西方经济学
12,经济学类,世界经济
12,经济学类,人口
12,经济学类,资源与环境经济学
12,经济学类,应用经济学
12,经济学类,国民经济学
12,经济学类,区域经济学
12,经济学类,产业经济学
12,经济学类,数量经济学
12,经济学类,国防经济
12,经济学类,海洋经济学
12,经济学类,环境经济
12,经济学类,环境资源与发展经济学
12,经济学类,统计学
12,经济学类,应用统计
12,经济学类,国际商务
12,经济学类,资产评估
12,经济学类,网络经济学
13,财政学类,财政学
13,财政学类,税收学
13,财政学类,税务
13,财政学类,国际税收
14,金融学类,金融学
14,金融学类,金融工程
14,金融学类,保险学
14,金融学类,投资学
14,金融学类,金融数学
14,金融学类,信用管理
14,金融学类,经济与金融
14,金融学类,精算学
14,金融学类,互联网金融
14,金融学类,金融科技
14,金融学类,金融审计
15,经济与贸易类,国际经济与贸易
15,经济与贸易类,贸易经济
15,经济与贸易类,国际文化贸易
15,经济与贸易类,国际贸易学
15,经济与贸易类,国际经济发展合作
16,管理科学与工程类,管理科学与工程
16,管理科学与工程类,管理科学
16,管理科学与工程类,系统理论
16,管理科学与工程类,系统科学与工程
16,管理科学与工程类,信息管理与信息系统
16,管理科学与工程类,工程管理
16,管理科学与工程类,项目管理
16,管理科学与工程类,房地产开发与管理
16,管理科学与工程类,房地产经营管理
16,管理科学与工程类,工程造价
16,管理科学与工程类,保密管理
16,管理科学与工程类,系统分析与集成
16,管理科学与工程类,系统科学
16,管理科学与工程类,邮政管理
16,管理科学与工程类,大数据管理与应用
16,管理科学与工程类,工程审计
16,管理科学与工程类,计算金融
16,管理科学与工程类,应急管理
17,工商管理类,工商管理
17,工商管理类,商务策划管理
17,工商管理类,特许经营管理
17,工商管理类,商品学
17,工商管理类,连锁经营管理
17,工商管理类,食品经济管理
17,工商管理类,市场营销
17,工商管理类,会计学
17,工商管理类,财务管理
17,工商管理类,国际商务
17,工商管理类,人力资源管理
17,工商管理类,审计学
17,工商管理类,资产评估
17,工商管理类,物业管理
17,工商管理类,文化产业管理
17,工商管理类,旅游管理
17,工商管理类,劳动关系
17,工商管理类,体育经济与管理
17,工商管理类,体育经济
17,工商管理类,体育产业管理
17,工商管理类,财务会计教育
17,工商管理类,市场营销教育
17,工商管理类,企业管理（含：财务管理
17,工商管理类,市场营销
17,工商管理类,人力资源管理）
17,工商管理类,技术经济及管理
17,工商管理类,零售业管理
17,工商管理类,创业管理
17,工商管理类,海关稽查
18,财会审计类,会计学
18,财会审计类,财务管理
18,财会审计类,审计学
18,财会审计类,财务会计教育
19,农业经济管理类,农业经济管理
19,农业经济管理类,农林经济管理
19,农业经济管理类,农村区域发展
19,农业经济管理类,农业经营管理教育
19,农业经济管理类,林业经济管理
19,农业经济管理类,农业管理
19,农业经济管理类,农村发展
19,农业经济管理类,乡村治理
20,公共管理类,公共管理
20,公共管理类,公共事业管理
20,公共管理类,公共安全管理
20,公共管理类,国防教育与管理
20,公共管理类,应急管理
20,公共管理类,高等教育管理
20,公共管理类,职业技术教育管理
20,公共管理类,行政管理
20,公共管理类,公共政策学
20,公共管理类,土地资源管理
20,公共管理类,城市管理
20,公共管理类,海关管理
20,公共管理类,交通管理
20,公共管理类,航运管理
20,公共管理类,海事管理
20,公共管理类,公共关系学
20,公共管理类,社会医学与卫生事业管理
20,公共管理类,教育经济与管理
20,公共管理类,健康服务与管理
20,公共管理类,海警后勤管理
20,公共管理类,医疗产品管理
20,公共管理类,养老服务管理
20,公共管理类,海关检验检疫安全
20,公共管理类,海外安全管理
20,公共管理类,自然资源登记与管理
20,公共管理类,慈善管理
20,公共管理类,航空安防管理
20,公共管理类,劳动与社会保障
20,公共管理类,社会保障
20,公共管理类,医疗保险
21,社会保障类,劳动与社会保障
21,社会保障类,社会保障
21,社会保障类,医疗保险
22,图书情报与档案管理类,图书情报与档案管理
22,图书情报与档案管理类,图书馆学
22,图书情报与档案管理类,档案学
22,图书情报与档案管理类,信息资源管理
22,图书情报与档案管理类,情报学
22,图书情报与档案管理类,图书情报
23,物流管理与工程类,物流管理
23,物流管理与工程类,物流工程
23,物流管理与工程类,物流工程与管理
23,物流管理与工程类,采购管理
23,物流管理与工程类,供应链管理
24,工业工程类,工业工程
24,工业工程类,总图设计与工业运输
24,工业工程类,标准化工程
24,工业工程类,质量管理工程
24,工业工程类,产品质量工程
24,工业工程类,工业工程与管理
25,电子商务类,电子商务
25,电子商务类,网络经济学
25,电子商务类,电子商务及法律
25,电子商务类,跨境电子商务
26,数学类,数学
26,数学类,数学与应用数学
26,数学类,信息与计算科学
26,数学类,数理基础科学
26,数学类,数据计算及应用
26,数学类,基础数学
26,数学类,计算数学
26,数学类,概率论与数理统计
26,数学类,应用数学
26,数学类,运筹学与控制论
27,物理学类,物理学
27,物理学类,应用物理学
27,物理学类,核物理
27,物理学类,声学
27,物理学类,量子信息科学
27,物理学类,理论物理
27,物理学类,粒子物理与原子核物理
27,物理学类,原子与分子物理
27,物理学类,等离子体物理
27,物理学类,凝聚态物理
27,物理学类,光学
27,物理学类,光学工程
27,物理学类,无线电物理
27,物理学类,系统科学与工程
28,化学类,化学
28,化学类,应用化学
28,化学类,化学生物学
28,化学类,分子科学与工程
28,化学类,能源化学
28,化学类,无机化学
28,化学类,分析化学
28,化学类,有机化学
28,化学类,物理化学（含：化学物理）
28,化学类,高分子化学与物理
28,化学类,化学测量学与技术
28,化学类,资源化学
29,地理科学类,地理科学
29,地理科学类,自然地理与资源环境
29,地理科学类,人文地理与城乡规划
29,地理科学类,地理信息科学
29,地理科学类,地理学
29,地理科学类,自然地理学
29,地理科学类,人文地理学
29,地理科学类,地图学与地理信息系统
30,海洋科学类,海洋科学
30,海洋科学类,海洋技术
30,海洋科学类,海洋资源与环境
30,海洋科学类,军事海洋学
30,海洋科学类,物理海洋学
30,海洋科学类,海洋化学
30,海洋科学类,海洋生物学
30,海洋科学类,海洋地质
31,地球物理学类,地球物理学
31,地球物理学类,空间科学与技术
31,地球物理学类,防灾减灾科学与工程
31,地球物理学类,固体地球物理学
31,地球物理学类,空间物理学
31,地球物理学类,行星科学
32,地质学类,地质学
32,地质学类,地球化学
32,地质学类,地球信息科学与技术
32,地质学类,矿物学
32,地质学类,岩石学
32,地质学类,矿床学
32,地质学类,古生物学与地层学
32,地质学类,构造地质学
32,地质学类,第四纪地质学
33,生物科学类,生物科学
33,生物科学类,生物技术
33,生物科学类,生物信息学
33,生物科学类,生态学
33,生物科学类,整合科学
33,生物科学类,神经科学
33,生物科学类,生物化学与分子生物学
33,生物科学类,生物资源科学
33,生物科学类,生物安全
33,生物科学类,生物科学与生物技术
33,生物科学类,生物信息技术
33,生物科学类,医学信息学
33,生物科学类,生物学
33,生物科学类,植物学
33,生物科学类,动物学
33,生物科学类,生理学
33,生物科学类,水生生物学
33,生物科学类,微生物学
33,生物科学类,神经生物学
33,生物科学类,遗传学
33,生物科学类,发育生物学
33,生物科学类,细胞生物学
33,生物科学类,生物物理学
34,心理学类,心理学
34,心理学类,应用心理学
34,心理学类,基础心理学
34,心理学类,发展与教育心理学
34,心理学类,儿童发展科学
34,心理学类,犯罪心理学
34,心理学类,航空航天心理学
34,心理学类,计量心理学
34,心理学类,临床认知神经科学
34,心理学类,学校心理学
34,心理学类,健康心理学
35,统计学类,统计学
35,统计学类,应用统计学
35,统计学类,经济统计学
35,统计学类,数量经济学
35,统计学类,概率论与数理统计
35,统计学类,数据科学
35,统计学类,生物统计学
36,力学类,力学
36,力学类,理论与应用力学
36,力学类,工程力学
36,力学类,一般力学与力学基础
36,力学类,固体力学
36,力学类,流体力学
37,机械类,机械
37,机械类,机械工程
37,机械类,机械工程及自动化
37,机械类,工程机械
37,机械类,机械设计制造及其自动化
37,机械类,制造自动化与测控技术
37,机械类,制造工程
37,机械类,体育装备工程
37,机械类,材料成型及控制工程
37,机械类,机械电子工程
37,机械类,工业设计
37,机械类,过程装备与控制工程
37,机械类,车辆工程
37,机械类,汽车服务工程
37,机械类,机械工艺技术
37,机械类,机械制造工艺教育
37,机械类,机械维修及检测技术教育
37,机械类,微机电系统工程
37,机械类,机电技术教育
37,机械类,汽车维修工程教育
37,机械类,机械制造及其自动化
37,机械类,机械设计及理论
37,机械类,智能制造工程
37,机械类,智能车辆工程
37,机械类,仿生科学与工程
37,机械类,新能源汽车工程
37,机械类,航空工程
37,机械类,航天工程
37,机械类,船舶工程
37,机械类,兵器工程
37,机械类,工业设计工程
37,机械类,农机装备工程
37,机械类,智能制造技术
37,机械类,机器人工程
37,机械类,增材制造工程
37,机械类,智能交互设计
37,机械类,应急装备技术与工程
38,仪器类,测控技术与仪器
38,仪器类,精密仪器
38,仪器类,智能感知工程
38,仪器类,电子信息技术及仪器
38,仪器类,精密仪器及机械
38,仪器类,测试计量技术及仪器
38,仪器类,仪器科学与技术
38,仪器类,仪器仪表工程
39,材料类,材料学
39,材料类,材料科学与工程
39,材料类,材料物理
39,材料类,材料化学
39,材料类,冶金工程
39,材料类,稀土工程
39,材料类,金属材料工程
39,材料类,无机非金属材料工程
39,材料类,高分子材料与工程
39,材料类,高分子材料加工工程
39,材料类,复合材料与工程
39,材料类,粉体材料科学与工程
39,材料类,宝石及材料工艺学
39,材料类,焊接技术与工程
39,材料类,功能材料
39,材料类,生物功能材料
39,材料类,纳米材料与技术
39,材料类,新能源材料与器件
39,材料类,材料物理与化学
39,材料类,材料加工工程
39,材料类,冶金物理化学
39,材料类,钢铁冶金
39,材料类,有色金属冶金
39,材料类,材料设计科学与工程
39,材料类,复合材料成型工程
39,材料类,智能材料与结构
39,材料类,材料与化工
39,材料类,材料工程
39,材料类,光电信息材料与器件
39,材料类,生物材料
40,能源动力类,能源动力
40,能源动力类,能源与动力工程
40,能源动力类,热能与动力工程
40,能源动力类,能源工程及自动化
40,能源动力类,能源动力系统及自动化
40,能源动力类,能源与资源工程
40,能源动力类,能源与环境系统工程
40,能源动力类,新能源科学与工程
40,能源动力类,风能与动力工程
40,能源动力类,工程热物理
40,能源动力类,热能工程
40,能源动力类,动力机械及工程
40,能源动力类,流体机械及工程
40,能源动力类,制冷及低温工程
40,能源动力类,化工过程机械
40,能源动力类,动力工程及工程热物理
40,能源动力类,储能科学与工程
40,能源动力类,动力工程
40,能源动力类,核能工程
40,能源动力类,航空发动机工程
40,能源动力类,燃气轮机工程
40,能源动力类,航天动力工程
40,能源动力类,清洁能源技术
40,能源动力类,储能技术
40,能源动力类,能源服务工程
40,能源动力类,氢能科学与工程
40,能源动力类,可持续能源
41,电气类,电气工程及其自动化
41,电气类,电气工程与自动化
41,电气类,电气信息工程
41,电气类,电力工程与管理
41,电气类,电气技术教育
41,电气类,电机电器智能化
41,电气类,智能电网信息工程
41,电气类,光源与照明
41,电气类,电气工程与智能控制
41,电气类,电机与电器
41,电气类,电力系统及其自动化
41,电气类,高电压与绝缘技术
41,电气类,电力电子与电力传动
41,电气类,电工理论与新技术
41,电气类,电气工程
41,电气类,电缆工程
41,电气类,能源互联网工程
41,电气类,智慧能源工程
41,电气类,电动载运工程
42,电子信息类,电子信息
42,电子信息类,电子信息工程
42,电子信息类,电子科学与技术
42,电子信息类,真空电子技术
42,电子信息类,通信工程
42,电子信息类,信息与通信工程
42,电子信息类,微电子科学与工程
42,电子信息类,微电子学
42,电子信息类,微电子制造工程
42,电子信息类,微电子材料与器件
42,电子信息类,光电信息科学与工程
42,电子信息类,光信息科学与技术
42,电子信息类,光电子技术科学
42,电子信息类,信息显示与光电技术
42,电子信息类,光电信息工程
42,电子信息类,光电子材料与器件
42,电子信息类,信息工程
42,电子信息类,信息科学技术
42,电子信息类,信息物理工程
42,电子信息类,广播电视工程
42,电子信息类,水声工程
42,电子信息类,电子封装技术
42,电子信息类,集成电路设计与集成系统
42,电子信息类,医学信息工程
42,电子信息类,电磁场与无线技术
42,电子信息类,电波传播与天线
42,电子信息类,电子信息科学与技术
42,电子信息类,电信工程及管理
42,电子信息类,应用电子技术教育
42,电子信息类,物理电子学
42,电子信息类,电路与系统
42,电子信息类,微电子学与固体电子学
42,电子信息类,电磁场与微波技术
42,电子信息类,通信与信息系统
42,电子信息类,信号与信息处理
42,电子信息类,人工智能
42,电子信息类,海洋信息工程
42,电子信息类,集成电路工程
42,电子信息类,计算机技术
42,电子信息类,软件工程
42,电子信息类,控制工程
42,电子信息类,仪器仪表工程
42,电子信息类,大数据技术与工程
42,电子信息类,网络与信息安全
42,电子信息类,柔性电子学
42,电子信息类,智能测控工程
42,电子信息类,新一代电子信息技术（含量子技术等）
43,自动化类,自动化
43,自动化类,轨道交通信号与控制
43,自动化类,控制理论与控制工程
43,自动化类,检测技术与自动化装置
43,自动化类,系统工程
43,自动化类,模式识别与智能系统
43,自动化类,导航
43,自动化类,制导与控制
43,自动化类,控制科学与工程
43,自动化类,机器人工程
43,自动化类,邮政工程
43,自动化类,核电技术与控制工程
43,自动化类,智能装备与系统
43,自动化类,工业智能
43,自动化类,智能工程与创意设计
44,计算机类,计算机科学与技术
44,计算机类,仿真科学与技术
44,计算机类,软件工程
44,计算机类,计算机软件
44,计算机类,网络工程
44,计算机类,信息安全
44,计算机类,科技防卫
44,计算机类,物联网工程
44,计算机类,传感网技术
44,计算机类,数字媒体技术
44,计算机类,影视艺术技术
44,计算机类,智能科学与技术
44,计算机类,空间信息与数字技术
44,计算机类,电子与计算机工程
44,计算机类,计算机系统结构
44,计算机类,计算机软件与理论
44,计算机类,计算机应用技术
44,计算机类,数据科学与大数据技术
44,计算机类,网络空间安全
44,计算机类,新媒体技术
44,计算机类,电影制作
44,计算机类,保密技术
44,计算机类,服务科学与工程
44,计算机类,区块链工程
44,计算机类,计算机技术
44,计算机类,大数据技术与工程
44,计算机类,网络与信息安全
44,计算机类,密码科学与技术
44,计算机类,虚拟现实技术
45,土木类,土木工程
45,土木类,建筑与土木工程
45,土木类,建筑工程教育
45,土木类,建筑环境与能源应用工程
45,土木类,建筑环境与设备工程
45,土木类,建筑设施智能技术
45,土木类,建筑节能技术与工程
45,土木类,给排水科学与工程
45,土木类,给水排水工程
45,土木类,建筑电气与智能化
45,土木类,城市地下空间工程
45,土木类,道路桥梁与渡河工程
45,土木类,岩土工程
45,土木类,结构工程
45,土木类,市政工程
45,土木类,供热
45,土木类,供燃气
45,土木类,通风及空调工程
45,土木类,防灾减灾工程及防护工程
45,土木类,桥梁与隧道工程
45,土木类,铁道工程
45,土木类,智能建造
45,土木类,土木
45,土木类,水利与海洋工程
45,土木类,土木
45,土木类,水利与交通工程
45,土木类,土木水利
45,土木类,农田水土工程
45,土木类,人工环境工程
45,土木类,城市水系统工程
45,土木类,智能建造与智慧交通
46,水利类,水利工程
46,水利类,水利水电工程
46,水利类,水文与水资源工程
46,水利类,港口航道与海岸工程
46,水利类,水务工程
46,水利类,水利科学与工程
46,水利类,水文学及水资源
46,水利类,水力学及河流动力学
46,水利类,水工结构工程
46,水利类,港口
46,水利类,海岸及近海工程
46,水利类,智慧水利
47,测绘类,测绘工程
47,测绘类,遥感科学与技术
47,测绘类,导航工程
47,测绘类,地理国情监测
47,测绘类,地理空间信息工程
47,测绘类,大地测量学与测量工程
47,测绘类,摄影测量与遥感
47,测绘类,地图制图学与地理信息工程
47,测绘类,测绘科学与技术
48,化工与制药类,化工与制药
48,化工与制药类,化学工程与工艺
48,化工与制药类,制药工程
48,化工与制药类,资源循环科学与工程
48,化工与制药类,再生资源科学与技术
48,化工与制药类,能源化学工程
48,化工与制药类,化学工程与工业生物工程
48,化工与制药类,化学工程
48,化工与制药类,化学工艺
48,化工与制药类,生物化工
48,化工与制药类,应用化学
48,化工与制药类,工业催化
48,化工与制药类,化学工程与技术
48,化工与制药类,化工安全工程
48,化工与制药类,涂料工程
48,化工与制药类,精细化工
49,地质类,地质工程
49,地质类,勘查技术与工程
49,地质类,资源勘查工程
49,地质类,地下水科学与工程
49,地质类,旅游地学与规划工程
49,地质类,矿产普查与勘探
49,地质类,地球探测与信息技术
49,地质类,智能地球探测
49,地质类,资源环境大数据工程
49,地质类,地质资源与地质工程
50,矿业类,采矿工程
50,矿业类,石油工程
50,矿业类,煤及煤层气工程
50,矿业类,矿物加工工程
50,矿业类,油气储运工程
50,矿业类,矿物资源工程
50,矿业类,海洋油气工程
50,矿业类,安全技术及工程
50,矿业类,油气井工程
50,矿业类,油气田开发工程
50,矿业类,矿业工程
50,矿业类,石油与天然气工程
50,矿业类,智能采矿工程
50,矿业类,碳储科学与工程
51,交通运输类,交通运输
51,交通运输类,交通工程
51,交通运输类,交通建设与装备
51,交通运输类,航海技术
51,交通运输类,轮机工程
51,交通运输类,飞行技术
51,交通运输类,交通设备与控制工程
51,交通运输类,交通信息与控制工程
51,交通运输类,交通设备信息工程
51,交通运输类,救助与打捞工程
51,交通运输类,船舶电子电气工程
51,交通运输类,道路与铁道工程
51,交通运输类,交通信息工程及控制
51,交通运输类,交通运输规划与管理
51,交通运输类,载运工具运用工程
51,交通运输类,交通运输工程
51,交通运输类,轨道交通电气与控制
51,交通运输类,邮轮工程与管理
51,交通运输类,轨道交通运输
51,交通运输类,道路交通运输
51,交通运输类,水路交通运输
51,交通运输类,航空交通运输
51,交通运输类,管道交通运输
51,交通运输类,智慧交通
51,交通运输类,智能运输工程
52,海洋工程类,海洋工程
52,海洋工程类,船舶与海洋工程
52,海洋工程类,海洋工程与技术
52,海洋工程类,海洋资源开发技术
52,海洋工程类,船舶与海洋结构物设计制造
52,海洋工程类,轮机工程
52,海洋工程类,水声工程
52,海洋工程类,海洋机器人
52,海洋工程类,智慧海洋技术
53,航空航天类,航空航天工程
53,航空航天类,航空工程
53,航空航天类,航天工程
53,航空航天类,飞行器设计与工程
53,航空航天类,飞行器制造工程
53,航空航天类,飞行器动力工程
53,航空航天类,飞行器环境与生命保障工程
53,航空航天类,飞行器质量与可靠性
53,航空航天类,飞行器适航技术
53,航空航天类,飞行器控制与信息工程
53,航空航天类,无人驾驶航空器系统工程
53,航空航天类,智能飞行器技术
53,航空航天类,空天智能电推进技术
53,航空航天类,飞行器运维工程
53,航空航天类,航空宇航科学与技术
53,航空航天类,飞行器设计
53,航空航天类,航空宇航推进理论与工程
53,航空航天类,航空宇航制造工程
53,航空航天类,人机与环境工程
54,农业工程类,农业工程
54,农业工程类,农业机械化及其自动化
54,农业工程类,农业电气化
54,农业工程类,农业建筑环境与能源工程
54,农业工程类,农业水利工程
54,农业工程类,土地整治工程
54,农业工程类,农业智能装备工程
54,农业工程类,农机装备工程
54,农业工程类,农业机械化工程
54,农业工程类,农业水土工程
54,农业工程类,农业生物环境与能源工程
54,农业工程类,农业电气化与自动化
55,林业工程类,森林工程
55,林业工程类,木材科学与工程
55,林业工程类,林产化工
55,林业工程类,家具设计与工程
55,林业工程类,木结构建筑与材料
55,林业工程类,林业工程
55,林业工程类,木材科学与技术
55,林业工程类,林产化学加工工程
56,环境科学与工程类,环境科学与工程
56,环境科学与工程类,环境工程
56,环境科学与工程类,环境监察
56,环境科学与工程类,环境科学
56,环境科学与工程类,地球环境科学
56,环境科学与工程类,环境生态工程
56,环境科学与工程类,环保设备工程
56,环境科学与工程类,资源环境科学
56,环境科学与工程类,资源科学与工程
56,环境科学与工程类,水质科学与技术
56,环境科学与工程类,资源与环境
57,建筑类,建筑学
57,建筑类,城乡规划
57,建筑类,城市规划
57,建筑类,历史建筑保护工程
57,建筑类,建筑历史与理论
57,建筑类,建筑设计及其理论
57,建筑类,城市规划与设计（含∶风景园林规划与设计）
57,建筑类,建筑技术科学
57,建筑类,人居环境科学与技术
57,建筑类,城市设计
57,建筑类,智慧建筑与建造
58,安全科学与工程类,安全科学与工程
58,安全科学与工程类,安全工程
58,安全科学与工程类,雷电防护科学与技术
58,安全科学与工程类,灾害防治工程
58,安全科学与工程类,应急技术与管理
58,安全科学与工程类,职业卫生工程
58,安全科学与工程类,安全生产监管
59,生物工程类,生物工程
59,生物工程类,生物系统工程
59,生物工程类,轻工生物技术
59,生物工程类,生物制药
59,生物工程类,合成生物学
59,生物工程类,生物技术与工程
60,自然保护与环境生态类,农业资源与环境
60,自然保护与环境生态类,野生动物与自然保护区管理
60,自然保护与环境生态类,水土保持与荒漠化防治
60,自然保护与环境生态类,生物质科学与工程
60,自然保护与环境生态类,土壤学
60,自然保护与环境生态类,植物营养学
60,自然保护与环境生态类,土地科学与技术
60,自然保护与环境生态类,湿地保护与恢复
